/*M!999999\- enable the sandbox mode */ 
-- MariaDB dump 10.19  Distrib 10.5.29-MariaDB, for Linux (x86_64)
--
-- Host: errormate-db.csw63pcdluwh.us-east-1.rds.amazonaws.com    Database: errormate
-- ------------------------------------------------------
-- Server version	11.4.8-MariaDB-log

/*!40101 SET @OLD_CHARACTER_SET_CLIENT=@@CHARACTER_SET_CLIENT */;
/*!40101 SET @OLD_CHARACTER_SET_RESULTS=@@CHARACTER_SET_RESULTS */;
/*!40101 SET @OLD_COLLATION_CONNECTION=@@COLLATION_CONNECTION */;
/*!40101 SET NAMES utf8mb4 */;
/*!40103 SET @OLD_TIME_ZONE=@@TIME_ZONE */;
/*!40103 SET TIME_ZONE='+00:00' */;
/*!40014 SET @OLD_UNIQUE_CHECKS=@@UNIQUE_CHECKS, UNIQUE_CHECKS=0 */;
/*!40014 SET @OLD_FOREIGN_KEY_CHECKS=@@FOREIGN_KEY_CHECKS, FOREIGN_KEY_CHECKS=0 */;
/*!40101 SET @OLD_SQL_MODE=@@SQL_MODE, SQL_MODE='NO_AUTO_VALUE_ON_ZERO' */;
/*!40111 SET @OLD_SQL_NOTES=@@SQL_NOTES, SQL_NOTES=0 */;

--
-- Table structure for table `alembic_version`
--

DROP TABLE IF EXISTS `alembic_version`;
/*!40101 SET @saved_cs_client     = @@character_set_client */;
/*!40101 SET character_set_client = utf8mb4 */;
CREATE TABLE `alembic_version` (
  `version_num` varchar(32) NOT NULL,
  PRIMARY KEY (`version_num`)
) ENGINE=InnoDB DEFAULT CHARSET=utf8mb4 COLLATE=utf8mb4_general_ci;
/*!40101 SET character_set_client = @saved_cs_client */;

--
-- Dumping data for table `alembic_version`
--

LOCK TABLES `alembic_version` WRITE;
/*!40000 ALTER TABLE `alembic_version` DISABLE KEYS */;
INSERT INTO `alembic_version` VALUES ('8c764f844587');
/*!40000 ALTER TABLE `alembic_version` ENABLE KEYS */;
UNLOCK TABLES;

--
-- Table structure for table `card_tags`
--

DROP TABLE IF EXISTS `card_tags`;
/*!40101 SET @saved_cs_client     = @@character_set_client */;
/*!40101 SET character_set_client = utf8mb4 */;
CREATE TABLE `card_tags` (
  `card_id` int(11) NOT NULL,
  `tag_id` int(11) NOT NULL,
  PRIMARY KEY (`card_id`,`tag_id`),
  KEY `tag_id` (`tag_id`),
  CONSTRAINT `card_tags_ibfk_1` FOREIGN KEY (`card_id`) REFERENCES `step_cards` (`card_id`),
  CONSTRAINT `card_tags_ibfk_2` FOREIGN KEY (`tag_id`) REFERENCES `tags` (`tag_id`)
) ENGINE=InnoDB DEFAULT CHARSET=utf8mb4 COLLATE=utf8mb4_general_ci;
/*!40101 SET character_set_client = @saved_cs_client */;

--
-- Dumping data for table `card_tags`
--

LOCK TABLES `card_tags` WRITE;
/*!40000 ALTER TABLE `card_tags` DISABLE KEYS */;
INSERT INTO `card_tags` VALUES (1,1),(3,1),(4,1),(9,1),(11,1),(13,1),(15,1),(16,1),(23,1),(25,1),(28,1),(31,1),(33,1),(34,1),(35,1),(36,1),(37,1),(38,1),(39,1),(40,1),(41,1),(42,1),(43,1),(44,1),(45,1),(49,1),(50,1),(52,1),(53,1),(55,1),(56,1),(58,1),(59,1),(60,1),(62,1),(80,1),(84,1),(86,1),(94,1),(95,1),(96,1),(99,1),(103,1),(104,1),(108,1),(110,1),(113,1),(125,1),(126,1),(127,1),(128,1),(129,1),(134,1),(5,20),(17,20),(22,20),(60,20),(66,20),(67,20),(70,20),(71,20),(72,20),(73,20),(74,20),(97,20),(100,20),(105,20),(111,20),(6,21),(18,21),(7,22),(19,22),(68,22),(69,22),(98,22),(101,22),(106,22),(107,22),(109,22),(112,22),(4,23),(5,23),(16,23),(17,23),(7,24),(19,24),(6,25),(18,25),(110,25),(8,26),(20,26),(60,27),(110,27),(8,36),(20,36),(75,36),(9,37),(33,37),(10,38),(21,40),(121,40),(22,41),(24,42),(29,43),(29,44),(32,45),(88,45),(89,45),(34,46),(109,46),(35,47),(84,47),(86,47),(101,47),(107,47),(112,47),(125,47),(126,47),(127,47),(36,48),(37,49),(96,49),(38,50),(39,51),(104,51),(40,52),(41,53),(42,53),(43,54),(108,54),(45,55),(45,56),(55,57),(55,58),(55,59),(60,60),(87,61),(87,62),(90,63),(91,64),(97,65),(105,65),(98,66),(106,66),(99,67),(100,68),(101,69),(107,69),(103,70),(109,71),(111,72),(92,73),(113,73),(92,74),(113,74),(92,75),(114,76),(115,77),(116,78),(117,79),(113,80),(118,81),(119,82),(120,83),(124,84),(126,85),(127,85),(134,85);
/*!40000 ALTER TABLE `card_tags` ENABLE KEYS */;
UNLOCK TABLES;

--
-- Table structure for table `comments`
--

DROP TABLE IF EXISTS `comments`;
/*!40101 SET @saved_cs_client     = @@character_set_client */;
/*!40101 SET character_set_client = utf8mb4 */;
CREATE TABLE `comments` (
  `comment_id` int(11) NOT NULL AUTO_INCREMENT,
  `card_id` int(11) NOT NULL,
  `user_id` int(11) NOT NULL,
  `body` text NOT NULL,
  `created_at` datetime NOT NULL,
  `parent_id` int(11) DEFAULT NULL,
  PRIMARY KEY (`comment_id`),
  KEY `card_id` (`card_id`),
  KEY `user_id` (`user_id`),
  KEY `parent_id` (`parent_id`),
  CONSTRAINT `comments_ibfk_1` FOREIGN KEY (`card_id`) REFERENCES `step_cards` (`card_id`),
  CONSTRAINT `comments_ibfk_2` FOREIGN KEY (`user_id`) REFERENCES `users` (`user_id`),
  CONSTRAINT `comments_ibfk_3` FOREIGN KEY (`parent_id`) REFERENCES `comments` (`comment_id`)
) ENGINE=InnoDB AUTO_INCREMENT=140 DEFAULT CHARSET=utf8mb4 COLLATE=utf8mb4_general_ci;
/*!40101 SET character_set_client = @saved_cs_client */;

--
-- Dumping data for table `comments`
--

LOCK TABLES `comments` WRITE;
/*!40000 ALTER TABLE `comments` DISABLE KEYS */;
INSERT INTO `comments` VALUES (1,4,3,'文字列はクォーテーション（\" または \'）で囲む必要がありますね。基本を確認しましょう！','2025-11-28 02:26:11',NULL),(2,4,2,'私も最初よくやりました！','2025-11-28 02:26:11',NULL),(3,5,4,'セミコロンの付け忘れはJavaでは頻出です。コンパイルエラーに慣れておきましょう。','2025-11-28 02:26:11',NULL),(4,5,5,'自分も最近同じミスしました（笑）','2025-11-28 02:26:11',NULL),(5,6,13,'パス指定は相対パスと絶対パスの違いも理解しておくと良いです。','2025-11-28 02:26:11',NULL),(6,6,9,'画像フォルダ名typoでハマりました！','2025-11-28 02:26:11',NULL),(7,7,14,'関数宣言を定義してから呼び出す、スコープの基本も見直してみましょう。','2025-11-28 02:26:11',NULL),(8,7,12,'functionの位置を変えるだけで直るの驚きますよね。','2025-11-28 02:26:11',NULL),(9,8,15,'テーブル名のtypoはよくあるので、エラーメッセージをしっかり読む癖をつけましょう。','2025-11-28 02:26:11',NULL),(10,8,8,'自分もuserssで詰まりました（笑）','2025-11-28 02:26:11',NULL),(11,10,18,'テストコメント','2025-11-28 02:44:59',NULL),(12,13,19,'ko','2025-11-28 03:29:47',NULL),(13,15,19,'あ?','2025-11-28 03:30:09',NULL),(14,16,3,'文字列はクォーテーション（\" または \'）で囲む必要がありますね。基本を確認しましょう！','2025-11-28 04:48:09',NULL),(15,16,2,'私も最初よくやりました！','2025-11-28 04:48:09',NULL),(16,17,4,'セミコロンの付け忘れはJavaでは頻出です。コンパイルエラーに慣れておきましょう。','2025-11-28 04:48:09',NULL),(17,17,5,'自分も最近同じミスしました（笑）','2025-11-28 04:48:09',NULL),(18,18,13,'パス指定は相対パスと絶対パスの違いも理解しておくと良いです。','2025-11-28 04:48:09',NULL),(19,18,9,'画像フォルダ名typoでハマりました！','2025-11-28 04:48:09',NULL),(20,19,14,'関数宣言を定義してから呼び出す、スコープの基本も見直してみましょう。','2025-11-28 04:48:09',NULL),(21,19,12,'functionの位置を変えるだけで直るの驚きますよね。','2025-11-28 04:48:09',NULL),(22,20,15,'テーブル名のtypoはよくあるので、エラーメッセージをしっかり読む癖をつけましょう。','2025-11-28 04:48:09',NULL),(23,20,8,'自分もuserssで詰まりました（笑）','2025-11-28 04:48:09',NULL),(24,16,19,'だまれ','2025-11-28 04:52:20',15),(25,13,19,'エラーうぜー！！','2025-11-28 05:17:22',12),(26,13,19,'エラーうぜー！！','2025-11-28 05:17:23',12),(27,13,19,'ナ”ニ”ィ”ッ”！？','2025-11-28 05:17:32',12),(28,13,19,'2回押したら２回送れるぞ！？','2025-11-28 05:17:51',12),(29,13,19,'2回押したら２回送れるぞ！？','2025-11-28 05:17:51',12),(30,13,16,'俺も俺も―','2025-12-04 08:17:27',12),(31,13,16,'俺も俺も―','2025-12-04 08:17:27',12),(32,15,16,'んだとこらぁ','2026-01-09 00:41:26',13),(33,15,16,'んだとこらぁ','2026-01-09 00:41:27',13),(34,21,16,'コメント2回クリック','2026-01-09 00:54:10',NULL),(35,21,16,'コメント2回クリック','2026-01-09 00:54:10',NULL),(36,22,18,'kakkakkakakaaka','2026-01-09 00:54:49',NULL),(37,22,18,'kakkakkakakaaka','2026-01-09 00:54:49',NULL),(38,22,18,'oooooo','2026-01-09 00:59:26',NULL),(39,22,18,'oooooo','2026-01-09 00:59:26',NULL),(40,22,18,'oooooo','2026-01-09 00:59:26',NULL),(41,22,18,'hhh','2026-01-09 01:06:31',NULL),(42,22,18,'hhh','2026-01-09 01:06:31',NULL),(43,22,18,'hhh','2026-01-09 01:06:32',NULL),(44,22,16,'あささ','2026-01-09 01:10:43',NULL),(45,22,16,'あささ','2026-01-09 01:10:44',NULL),(46,16,18,'kkkkkk','2026-01-09 01:12:36',NULL),(47,16,18,'iiiii','2026-01-09 01:12:43',NULL),(48,16,18,'iiiii','2026-01-09 01:12:43',NULL),(49,16,18,'iiiii','2026-01-09 01:12:44',NULL),(50,16,18,'iiiii','2026-01-09 01:12:44',NULL),(51,16,18,'iiiii','2026-01-09 01:12:44',NULL),(52,16,18,'iiiii','2026-01-09 01:12:44',NULL),(53,16,18,'iiiii','2026-01-09 01:12:44',NULL),(54,16,18,'iiiii','2026-01-09 01:12:44',NULL),(55,16,18,'iiiii','2026-01-09 01:12:45',NULL),(56,16,18,'iiiii','2026-01-09 01:12:45',NULL),(57,16,18,'iiiii','2026-01-09 01:12:45',NULL),(58,16,18,'iiiii','2026-01-09 01:12:45',NULL),(59,16,18,'iiiii','2026-01-09 01:12:45',NULL),(60,16,18,'iiiii','2026-01-09 01:12:46',NULL),(61,22,18,'uuuuuuuuuu','2026-01-09 01:14:33',NULL),(62,22,18,'uuuuuuuuuu','2026-01-09 01:14:33',NULL),(63,22,18,'uuuuuuuuuu','2026-01-09 01:14:33',NULL),(64,22,18,'uuuuuuuuuu','2026-01-09 01:14:33',NULL),(65,22,18,'uuuuuuuuuu','2026-01-09 01:14:34',NULL),(66,22,18,'uuuuuuuuuu','2026-01-09 01:14:34',NULL),(67,17,18,'できたかな？','2026-01-09 01:27:02',NULL),(68,17,18,'できた！','2026-01-09 01:27:18',NULL),(69,21,18,'できてる？','2026-01-09 01:37:32',NULL),(70,21,18,'できてる？','2026-01-09 01:37:32',NULL),(71,21,18,'できてる？','2026-01-09 01:37:32',NULL),(72,21,18,'できてる？','2026-01-09 01:37:33',NULL),(73,21,18,'できてる？','2026-01-09 01:37:33',NULL),(74,21,18,'できてる？','2026-01-09 01:37:33',NULL),(75,21,18,'できてる？','2026-01-09 01:37:33',NULL),(76,15,18,'できた？','2026-01-09 01:39:22',NULL),(77,13,18,'こ','2026-01-09 01:39:32',NULL),(78,12,18,'ｋｋｋｋ','2026-01-09 01:44:35',NULL),(79,12,18,'ｋｋｋｋ','2026-01-09 01:44:39',NULL),(80,21,18,'cccccccc','2026-01-09 01:56:53',NULL),(81,2,18,'助けて','2026-01-09 01:58:32',NULL),(82,2,18,'tasukete','2026-01-09 02:01:35',NULL),(83,2,18,'できた','2026-01-09 02:12:55',NULL),(84,17,16,'いぇーいい！！','2026-01-09 02:15:21',NULL),(85,23,16,'\"\"がねぇよ','2026-01-09 03:01:11',NULL),(86,24,18,'test','2026-01-13 01:10:05',NULL),(87,24,18,'test','2026-01-13 01:10:05',NULL),(88,24,18,'test','2026-01-13 01:10:06',NULL),(89,24,18,'test','2026-01-13 01:10:06',NULL),(90,24,18,'test','2026-01-13 01:10:06',NULL),(91,24,18,'できたかな','2026-01-13 01:23:36',NULL),(92,23,18,'たすけて','2026-01-13 01:25:15',NULL),(93,23,18,'たすけて','2026-01-13 01:25:52',NULL),(94,23,18,'help','2026-01-13 01:26:09',NULL),(95,24,38,'テスト','2026-01-13 02:28:11',NULL),(96,24,38,'テスト','2026-01-13 02:28:11',NULL),(97,24,38,'テスト','2026-01-13 02:28:11',NULL),(98,24,38,'TEST１２０','2026-01-13 02:32:09',NULL),(99,25,19,'fiefadkjfojeijsdgjsaojifiejkdsfieskdfioサkdf字エアdfjふぃじぇふぃsjdfジェイjkjkdしあぎおんｔｑんｋｄんｚｌｖしふぇｋんｇｋんｚｄ、んｃｖｍ、おげｒにｄｆんｋｓんｋのいっぎおあいおんヴぃんどｓｆｄｓ－だｇ３０ｋん３ｋんぢぎｇ９んｄｋんｇｋｄんかんｆｊ','2026-01-13 02:37:06',NULL),(100,3,19,'かっこ内にダブルコーテーション','2026-01-13 02:41:00',NULL),(101,30,16,'やりづらいところ：\r\n１．エラーコードが改行出来ておらず、とても見づらい。（コピペすると改行なく1行にされる）\r\n２．タグのAI機能が使えない。\r\n３．タグを設定しなくても投稿が出来る。\r\n４．先生、教師選択の意味がない。選択機能を消すか。実際に機能を持たせる。','2026-01-14 01:22:07',NULL),(102,30,16,'やりづらいというか、普通に欠陥','2026-01-14 01:34:15',101),(103,25,19,'hello','2026-01-15 01:08:55',NULL),(104,25,16,'は？','2026-01-15 01:42:52',99),(105,25,16,'は？','2026-01-15 01:42:59',103),(106,31,16,'定義しろよ（？）','2026-01-15 01:47:01',NULL),(107,31,16,'んだとこらぁ','2026-01-15 01:47:35',106),(108,25,17,'kjkj','2026-01-19 04:57:29',NULL),(109,32,17,'うんこ','2026-01-19 04:57:45',NULL),(110,24,19,'実行しましょう','2026-01-26 01:39:16',NULL),(111,24,19,'解決しました','2026-01-26 01:40:12',110),(112,50,19,'助けます','2026-01-26 01:43:17',NULL),(113,50,19,'解決しました','2026-01-26 01:43:30',112),(114,58,19,'chatgptを使いましょう。','2026-01-26 02:54:48',NULL),(115,24,19,'test','2026-01-27 01:04:17',86),(116,75,18,'こんにちは','2026-01-27 01:38:47',NULL),(117,58,19,'なあに','2026-01-30 01:12:55',114),(118,95,18,'bakana','2026-01-30 01:13:12',NULL),(119,58,19,'米','2026-01-30 01:53:37',NULL),(120,58,19,'ばかな','2026-01-30 01:53:58',NULL),(121,56,19,'送れるわけw','2026-01-30 01:54:31',NULL),(122,41,19,'a','2026-01-30 01:55:30',NULL),(123,59,39,'bakana','2026-01-30 01:56:02',NULL),(124,53,18,'a','2026-01-30 01:58:35',NULL),(125,35,16,'intとstrは合わせれません。int型かstr型に統一してください','2026-01-30 02:42:27',NULL),(126,23,19,'コメント送信','2026-01-30 02:42:33',NULL),(127,101,18,'為になった！\r\nそういえばそうだったな笑','2026-01-30 03:35:02',NULL),(128,101,18,'それな笑','2026-01-30 03:35:10',127),(129,114,18,'# SQLAlchemy の engine 設定例（タイムアウト指定）\r\nengine = create_engine(\r\n    DB_URL,\r\n    pool_pre_ping=True,\r\n    connect_args={\"connect_timeout\": 10}\r\n)\r\nこうじゃない？','2026-01-30 03:36:42',NULL),(130,125,16,'inputを使用する際は、数字と定義するためにintを使ってください\r\nscore=int(input(\'0～100 までの得点（整数値）を入力してください>>\'))','2026-02-06 00:39:58',NULL),(131,126,19,'inputを使用する際は、数字と定義するためにintを使ってください\r\n\r\nscore=int(input(\'0～100 までの得点（整数値）を入力してください>>\'))','2026-02-06 05:01:59',NULL),(132,127,19,'inputを使用する際は、数字と定義するためにintを使ってください\r\n\r\nscore=int(input(\'0～100 までの得点（整数値）を入力してください>>\'))','2026-02-06 05:32:46',NULL),(133,113,16,'(このコメントは削除されました)','2026-02-08 06:52:56',NULL),(134,127,16,'(このコメントは削除されました)','2026-02-08 07:23:55',132),(135,56,16,'送れてるやん','2026-02-08 08:04:02',121),(136,113,16,'(このコメントは削除されました)','2026-02-09 01:36:25',NULL),(137,134,16,'(このコメントは削除されました)','2026-02-09 01:46:43',NULL),(138,134,16,'(このコメントは削除されました)','2026-02-09 05:16:30',NULL),(139,134,19,'ナ”ニ”ィ”ッ”！？','2026-02-09 05:17:06',138);
/*!40000 ALTER TABLE `comments` ENABLE KEYS */;
UNLOCK TABLES;

--
-- Table structure for table `likes`
--

DROP TABLE IF EXISTS `likes`;
/*!40101 SET @saved_cs_client     = @@character_set_client */;
/*!40101 SET character_set_client = utf8mb4 */;
CREATE TABLE `likes` (
  `like_id` int(11) NOT NULL AUTO_INCREMENT,
  `card_id` int(11) NOT NULL,
  `user_id` int(11) NOT NULL,
  `created_at` datetime NOT NULL,
  PRIMARY KEY (`like_id`),
  UNIQUE KEY `uix_like_card_user` (`card_id`,`user_id`),
  KEY `ix_likes_card_id` (`card_id`),
  KEY `ix_likes_user_id` (`user_id`),
  CONSTRAINT `likes_ibfk_1` FOREIGN KEY (`card_id`) REFERENCES `step_cards` (`card_id`),
  CONSTRAINT `likes_ibfk_2` FOREIGN KEY (`user_id`) REFERENCES `users` (`user_id`)
) ENGINE=InnoDB AUTO_INCREMENT=86 DEFAULT CHARSET=utf8mb4 COLLATE=utf8mb4_general_ci;
/*!40101 SET character_set_client = @saved_cs_client */;

--
-- Dumping data for table `likes`
--

LOCK TABLES `likes` WRITE;
/*!40000 ALTER TABLE `likes` DISABLE KEYS */;
INSERT INTO `likes` VALUES (2,10,19,'2025-11-28 03:32:31'),(4,9,19,'2025-11-28 04:45:07'),(16,19,19,'2025-11-28 05:01:11'),(20,16,19,'2025-11-28 05:16:21'),(24,20,19,'2025-11-28 05:25:58'),(39,12,19,'2025-11-28 05:59:40'),(42,21,19,'2025-11-28 06:01:00'),(44,15,19,'2025-11-28 06:16:53'),(46,17,19,'2025-11-28 06:17:16'),(47,21,16,'2025-11-28 06:25:13'),(49,16,16,'2025-11-29 07:32:34'),(50,22,16,'2025-12-04 08:15:23'),(51,17,16,'2026-01-09 00:40:51'),(52,15,16,'2026-01-09 00:41:02'),(54,22,18,'2026-01-09 00:54:31'),(55,29,16,'2026-01-13 04:45:49'),(56,30,19,'2026-01-14 05:32:49'),(57,29,19,'2026-01-14 05:32:52'),(60,50,19,'2026-01-26 01:42:21'),(61,55,18,'2026-01-26 02:15:33'),(62,56,18,'2026-01-26 02:32:23'),(64,24,39,'2026-01-26 02:35:03'),(66,55,38,'2026-01-28 03:32:30'),(67,86,38,'2026-01-28 03:32:32'),(69,84,38,'2026-01-28 03:35:03'),(70,59,38,'2026-01-28 03:35:05'),(74,101,18,'2026-01-30 03:34:11'),(75,114,18,'2026-01-30 03:36:19'),(76,98,19,'2026-01-30 05:05:53'),(77,35,19,'2026-01-30 05:06:09'),(78,113,18,'2026-01-30 05:48:58'),(79,95,38,'2026-02-02 05:55:13'),(80,125,16,'2026-02-06 00:39:34'),(81,126,16,'2026-02-06 05:01:49'),(83,127,19,'2026-02-06 05:32:58'),(84,113,16,'2026-02-09 01:48:32'),(85,134,16,'2026-02-09 01:48:35');
/*!40000 ALTER TABLE `likes` ENABLE KEYS */;
UNLOCK TABLES;

--
-- Table structure for table `step_cards`
--

DROP TABLE IF EXISTS `step_cards`;
/*!40101 SET @saved_cs_client     = @@character_set_client */;
/*!40101 SET character_set_client = utf8mb4 */;
CREATE TABLE `step_cards` (
  `card_id` int(11) NOT NULL AUTO_INCREMENT,
  `user_id` int(11) NOT NULL,
  `title` varchar(255) NOT NULL,
  `error_code` text DEFAULT NULL,
  `error_message` text DEFAULT NULL,
  `modifying_code` text DEFAULT NULL,
  `execution_result` text DEFAULT NULL,
  `evaluation` int(11) DEFAULT NULL,
  `created_at` datetime NOT NULL,
  `updated_at` datetime NOT NULL,
  `status` varchar(50) NOT NULL,
  PRIMARY KEY (`card_id`),
  KEY `user_id` (`user_id`),
  KEY `ix_step_cards_status` (`status`),
  CONSTRAINT `step_cards_ibfk_1` FOREIGN KEY (`user_id`) REFERENCES `users` (`user_id`)
) ENGINE=InnoDB AUTO_INCREMENT=136 DEFAULT CHARSET=utf8mb4 COLLATE=utf8mb4_general_ci;
/*!40101 SET character_set_client = @saved_cs_client */;

--
-- Dumping data for table `step_cards`
--

LOCK TABLES `step_cards` WRITE;
/*!40000 ALTER TABLE `step_cards` DISABLE KEYS */;
INSERT INTO `step_cards` VALUES (1,16,'めちゃくちゃ大変だった！！！','されません','さ','ｋそあこｓ','ｑｓ',0,'2025-11-28 01:55:11','2026-01-28 03:31:42','step'),(2,19,'ヘルプ','help','助けて',NULL,NULL,0,'2025-11-28 01:55:49','2026-01-30 00:53:40','delete'),(3,19,'help','help(help)','ヘルプがない',NULL,NULL,0,'2025-11-28 01:56:37','2026-01-30 00:52:44','delete'),(4,1,'PythonでNameErrorが出ます','print(hello)','NameError: name \'hello\' is not defined','print(\"hello\")','hello',0,'2025-11-28 02:26:11','2026-01-29 02:20:53','step'),(5,2,'Javaのセミコロン忘れ','System.out.println(\"Hello World\")','error: \';\' expected','System.out.println(\"Hello World\");','Hello World',0,'2025-11-28 02:26:11','2026-01-29 01:54:37','step'),(6,5,'HTMLで画像が表示されない','<img src=\"img/pic.jpg\">','ファイルパスが間違っている','<img src=\"images/pic.jpg\">','画像が正しく表示される',0,'2025-11-28 02:26:11','2026-01-29 02:21:04','step'),(7,6,'JavaScriptでボタンが反応しない','document.getElementById(\"btn\").onclick = testFunc;','関数が定義されていない','function testFunc() { alert(\"クリックされました\"); }','クリック時にアラート表示',0,'2025-11-28 02:26:11','2026-01-29 02:21:07','step'),(8,7,'SQLでテーブルが見つからない','SELECT * FROM userss;','no such table: userss','SELECT * FROM users;','正しくデータ取得',0,'2025-11-28 02:26:11','2026-01-29 02:21:09','step'),(9,16,'controlaer','うおりゃああ','NameError TypeError','python java','ゴミ箱',0,'2025-11-28 02:37:04','2026-01-28 03:16:59','step'),(10,18,'test','test','test','test','test',0,'2025-11-28 02:41:58','2026-01-30 01:02:18','delete'),(11,19,'a','a','a',NULL,NULL,0,'2025-11-28 02:44:52','2026-01-30 00:54:28','delete'),(12,18,'test','テストカード','時間の確認','sasa','sa',0,'2025-11-28 02:46:44','2026-01-30 01:02:13','delete'),(13,19,'へるぷ','print(print)','error、error',NULL,NULL,0,'2025-11-28 02:51:35','2026-01-30 00:54:37','delete'),(14,19,'あ','error','いいいいいい','gooo','yes',0,'2025-11-28 02:53:08','2026-01-30 01:01:28','delete'),(15,19,'あ','error','エラー',NULL,NULL,0,'2025-11-28 03:00:04','2026-01-30 00:54:07','delete'),(16,1,'PythonでNameErrorが出ます','print(hello)','NameError: name \'hello\' is not defined','print(\"hello\")','hello',0,'2025-11-28 04:48:09','2026-01-28 03:18:33','step'),(17,2,'Javaのセミコロン忘れ','System.out.println(\"Hello World\")','error: \';\' expected','System.out.println(\"Hello World\");','Hello World',0,'2025-11-28 04:48:09','2026-01-28 03:18:35','step'),(18,5,'HTMLで画像が表示されない','<img src=\"img/pic.jpg\">','ファイルパスが間違っている','<img src=\"images/pic.jpg\">','画像が正しく表示される',0,'2025-11-28 04:48:09','2026-01-28 03:19:12','step'),(19,6,'JavaScriptでボタンが反応しない','document.getElementById(\"btn\").onclick = testFunc;','関数が定義されていない','function testFunc() { alert(\"クリックされました\"); }','クリック時にアラート表示',0,'2025-11-28 04:48:09','2026-01-28 03:19:14','step'),(20,7,'SQLでテーブルが見つからない','SELECT * FROM userss;','no such table: userss','SELECT * FROM users;','正しくデータ取得',0,'2025-11-28 04:48:09','2026-01-28 03:19:15','step'),(21,19,'test','test','test',NULL,NULL,0,'2025-11-28 05:59:55','2026-01-30 00:54:18','delete'),(22,16,'タイピングゲームが始まりません','package 第2回効果測定.Typing.Main;\r\n\r\nimport 多田.Typing.Typing.Color;\r\n\r\npublic class Main {\r\n    public static void main(String[] args) {\r\n        // 無限ループ\r\n        while (true){\r\n            System.out.println(\"タイピングゲーム\");\r\n            System.err.print(\"何しますか？\\n1;タイピングするっ!!\\n2;文字の設定\\n3;終了>>>\");\r\n            int choice_num = new java.util.Scanner(System.in).nextInt();\r\n            switch (choice_num) {\r\n                case 1 -> {\r\n                    System.out.println(\"タイピングゲームを開始します。\");\r\n                }\r\n                case 2-> {\r\n                    System.out.println(\"文字の設定を開きます\");\r\n                    System.out.print(\"1;文字の追加\\n2;文字の削除\\n3;文字の表示\\n4;閉じる>>>\");\r\n                    int setting_num = new java.util.Scanner(System.in).nextInt();\r\n                    switch (setting_num){\r\n                        case 1-> {\r\n                            System.out.print(\"追加したい文字を入力してください>>>\");\r\n                            String add_word = new java.util.Scanner(System.in).nextLine();\r\n                        }\r\n                        case 2-> {\r\n                            System.out.print(\"削除したい文字を入力してください>>>\");\r\n                            String dele_word = new java.util.Scanner(System.in).nextLine();\r\n                        }\r\n                        case 3-> {\r\n                            System.out.println(\"現在設定されている文字を表示します\");\r\n                        }\r\n                        case 4-> {\r\n                            break;\r\n                        }\r\n                    }\r\n                    }\r\n                case 3-> {\r\n                    System.out.println(\"ゲームを終了します\");\r\n                    break;\r\n                    }\r\n                }\r\n            }    \r\n        }\r\n    }','3\\redhat.java\\jdt_ws\\Javacode_6a43a5e7\\bin\' \'Typing.Main.Main\' \r\nException in thread \"main\" java.lang.Error: Unresolved compilation problem: \r\n\r\n        at Typing.Main.Main.main(Main.java:6)','package 第2回効果測定.Typing.Main;\r\n\r\nimport 多田.Typing.Typing.Color;\r\n\r\npublic class Main {\r\n    public static void main(String[] args) {\r\n        // 無限ループ\r\n        while (true){\r\n            System.out.println(\"タイピングゲーム\");\r\n            System.err.print(\"何しますか？\\n1;タイピングするっ!!\\n2;文字の設定\\n3;終了>>>\");\r\n            int choice_num = new java.util.Scanner(System.in).nextInt();\r\n            switch (choice_num) {\r\n                case 1 -> {\r\n                    System.out.println(\"タイピングゲームを開始します。\");\r\n                }\r\n                case 2-> {\r\n                    System.out.println(\"文字の設定を開きます\");\r\n                    System.out.print(\"1;文字の追加\\n2;文字の削除\\n3;文字の表示\\n4;閉じる>>>\");\r\n                    int setting_num = new java.util.Scanner(System.in).nextInt();\r\n                    switch (setting_num){\r\n                        case 1-> {\r\n                            System.out.print(\"追加したい文字を入力してください>>>\");\r\n                            String add_word = new java.util.Scanner(System.in).nextLine();\r\n                        }\r\n                        case 2-> {\r\n                            System.out.print(\"削除したい文字を入力してください>>>\");\r\n                            String dele_word = new java.util.Scanner(System.in).nextLine();\r\n                        }\r\n                        case 3-> {\r\n                            System.out.println(\"現在設定されている文字を表示します\");\r\n                        }\r\n                        case 4-> {\r\n                            break;\r\n                        }\r\n                    }\r\n                    }\r\n                case 3-> {\r\n                    System.out.println(\"ゲームを終了します\");\r\n                    break;\r\n                    }\r\n                }\r\n            }    \r\n        }\r\n    }','タイピングゲーム',0,'2025-12-04 07:57:26','2026-01-29 02:35:38','step'),(23,16,'たすけてください','print(こんばんは)','TextError',NULL,NULL,0,'2026-01-09 03:00:49','2026-01-09 03:00:49','help'),(24,16,'タイピングゲームが始まりません','さ','さ','さ','さｓ',0,'2026-01-09 03:01:49','2026-01-27 05:00:20','step'),(25,19,'ああああああああああああああああああああああああああああああああああ','い','え','う','お',0,'2026-01-13 01:26:01','2026-01-27 05:30:04','delete'),(26,19,'あああああああああああああああああああああああああああああああああああああああああああああああああああああああああああああああああああああああああああああああああああああああああああああああああああああああああああああああああああああああああああああああああああああああああああああああああああああああああああああああああああああああああああああああああああああああああああああああああああああああああああああああああああああああああああああああああああああああああああああああああああああああああああああああ','い','え','う','お',0,'2026-01-13 01:31:14','2026-01-13 02:28:11','delete'),(27,19,'あ','い','え','う','お',0,'2026-01-13 01:41:43','2026-01-13 02:28:02','delete'),(28,19,'プリントエラー','print(ohayou)','no ohayou',NULL,NULL,0,'2026-01-13 02:45:00','2026-01-30 00:53:22','delete'),(29,16,'konnbannha','print(こんばんは)','クソガキはここで〇ね',NULL,NULL,0,'2026-01-13 04:45:39','2026-01-30 05:18:17','delete'),(30,16,'実行できません','import java.util.ArrayList;  /**  * ErrorMate練習用：エラーが潜んでいる成績管理プログラム  * * 【ミッション】  * 1. コンパイルエラーを直す  * 2. 実行して止まる箇所（例外）を特定する  * 3. 計算結果が正しくない理由（論理ミス）を分析する  */ public class StudentGradeManager {     public static void main(String[] args) {         // --- エラー箇所1: 文法エラー (Syntax Error) ---         // セミコロンが抜けています         String studentName = \"エリオス\"                  System.out.println(studentName + \"さんの成績計算を開始します。\");          int[] grades = {85, 90, 78, 92, 65};                  // 平均点を計算するメソッドを呼び出し         double average = calculateAverage(grades);                  System.out.println(\"平均点は: \" + average + \"点です。\");          // --- エラー箇所2: 実行時エラー (Runtime Error / Exception) ---         // 配列の範囲外にアクセスしようとしています         System.out.println(\"最後の科目の点数は: \" + grades[5]);           // --- エラー箇所3: 参照エラー (NullPointerException) ---         ArrayList<String> feedback = null;         feedback.add(\"よく頑張りました！\");     }      /**      * 合計を計算して平均を出すメソッド      */     public static double calculateAverage(int[] scores) {         int total = 0;                  // --- エラー箇所4: 論理エラー (Logic Error) ---         // ループの条件が「<=」になっているため、最後でエラーが出るか、         // または意図しない計算になります。         for (int i = 0; i <= scores.length; i++) {             total += scores[i];         }          // --- エラー箇所5: 論理エラー (平均の計算ミス) ---         // 整数同士の割り算になっているため、小数点以下が切り捨てられます         return total / scores.length;     } }','PS C:\\Javacode>  & \'C:\\Program Files\\Java\\jdk-23\\bin\\java.exe\' \'-XX:+ShowCodeDetailsInExceptionMessages\' \'-cp\' \'C:\\Users\\k_tada\\AppData\\Roaming\\Code\\User\\workspaceStorage\\0be5fafff0ac055d013957145de12e63\\redhat.java\\jdt_ws\\Javacode_6a43a5e7\\bin\' \'Practice.StudentGradeManager\' \r\nException in thread \"main\" java.lang.Error: Unresolved compilation problem: \r\n        Syntax error, insert \";\" to complete BlockStatements\r\n\r\n        at Practice.StudentGradeManager.main(StudentGradeManager.java:14)\r\nPS C:\\Javacode>',NULL,NULL,0,'2026-01-14 01:19:48','2026-01-14 01:19:48','help'),(31,18,'NameError: datetime が未定義','from datetime import timedelta  def is_recent(created_at):     # datetime を import してないのに使ってる     return created_at >= datetime.utcnow() - timedelta(seconds=3)  print(is_recent(None))','NameError: name \'datetime\' is not defined',NULL,NULL,0,'2026-01-15 00:54:35','2026-01-29 03:39:42','delete'),(32,19,'help','help','help',NULL,NULL,0,'2026-01-16 04:50:48','2026-01-29 02:36:02','delete'),(33,17,'PythonでNameErrorが出ます','print(hello)','NameError: name \'hello\' is not defined',NULL,NULL,0,'2026-01-22 05:58:28','2026-01-22 05:58:28','help'),(34,17,'if文でSyntaxErrorが発生する','if x == 10     print(x)','SyntaxError: expected \':\'',NULL,NULL,0,'2026-01-22 05:59:16','2026-01-22 05:59:16','help'),(35,17,'文字列と数値を足してTypeErrorになる','print(10 + \"5\")','TypeError: unsupported operand type(s) for +: \'int\' and \'str\'',NULL,NULL,0,'2026-01-22 06:00:01','2026-01-22 06:00:01','help'),(36,17,'0で割ってZeroDivisionErrorが出る','print(10 / 0)','ZeroDivisionError: division by zero',NULL,NULL,0,'2026-01-22 06:00:45','2026-01-22 06:00:45','help'),(37,17,'リストの範囲外アクセスでIndexError','a = [1, 2, 3] print(a[3])','IndexError: list index out of range',NULL,NULL,0,'2026-01-22 06:01:31','2026-01-22 06:01:31','help'),(38,17,'辞書に存在しないキーでKeyError','data = {\"id\": 1} print(data[\"name\"])','KeyError: \'name\'',NULL,NULL,0,'2026-01-22 06:02:07','2026-01-22 06:02:07','help'),(39,17,'int型にappendを使ってAttributeError','x = 10 x.append(1)','AttributeError: \'int\' object has no attribute \'append\'',NULL,NULL,0,'2026-01-22 06:02:41','2026-01-22 06:02:41','help'),(40,17,'int変換でValueErrorが発生','int(\"abc\")','ValueError: invalid literal for int() with base 10: \'abc\'',NULL,NULL,0,'2026-01-22 06:03:23','2026-01-22 06:03:23','help'),(41,17,'存在しないモジュールをimportしてエラー','import testmodule','ModuleNotFoundError: No module named \'testmodule\'',NULL,NULL,0,'2026-01-22 06:03:54','2026-01-22 06:03:54','help'),(42,17,'存在しないモジュールをimportしてエラー','import testmodule','ModuleNotFoundError: No module named \'testmodule\'',NULL,NULL,0,'2026-01-22 06:03:54','2026-01-22 06:03:54','help'),(43,17,'インデントミスでエラーになる','if True: print(\"hello\")','IndentationError: expected an indented block',NULL,NULL,0,'2026-01-22 06:04:32','2026-01-22 06:04:32','help'),(44,19,'pythonエラーです','input(3)','type error \' [ no \" \" ] \'',NULL,NULL,0,'2026-01-23 01:03:57','2026-01-23 01:03:57','help'),(45,17,'あああああああああああああああああああああああああああああああああああああああああああああああああああああああああああああああああああああああああああああああああああああああああああああああああああああああああああああああああああああああああああああああああああああああああああああああああああああああああああああああああああああああああああああああああああああああああああああああああああああああああああああああああああああああああああああああああああああああああああああああああああああああああああああああ','Texterror unge','asojdojfoa','vagina','unge',0,'2026-01-23 04:55:21','2026-01-27 01:03:53','delete'),(46,17,'あああああああああああああああああああああああああああああああああああああああああああああああああああああああああああああああああああああああああああああああああああああああああああああああああああああああああああああああああああああああああああああああああああああああああああああああああああああああああああああああああああああああああああああああああああああああああああああああああああああああああああああああああああああああああああああああああああああああああああああああああああああああああああああああ','aaaaaaaaaaaaaaaaaaaaaaaaaaaaaaaaaaaaaaaaaaaaaaaaaaaaaaaaaaaaaaaaaaaaaaaaaaaaaaaaaaaaaaaaaaaaaaaaaaaaaaaaaaaaaaaaaaaaaaaaaaaaaaaaaaaaaaaaaaaaaaaaaaaaaaaaaaaaaaaaaaaaaaaaaaaaaaaaaaaaaaaaaaaaaaaaaaaaaaaaaaaaaaaaaaaaaaaaaaaaaaaaaaaaaaaaaaaaaaaaaaaaaaaaaaaaaaaaaaaaaaaaaaaaaaaaaaaaaaaaaaaaaaaaaaaaaaaaaaaaaaaaaaaaaaaaaaaaaaaaaaaaaaaaaaaaaaaaaaaaaaaaaaaaaaaaaaaaaaaaaaaaaaaaaaaaaaaaaaaaaaaaaaaaaaaaaaaaaaaaaaaaaaaaaaaaaaaaaaaaaaaaaaaaaaaaaaaaaaaaaaaaaaaaaaaaaaaaaaaaaaaaaaaaaaaaaaaaaaaaaaaaaaaaaaaaaaaaaaaaaaaaaaaaaaaaaaaaaaaaaaaaaaaaaaaaaaaaaaaaaaaaaaaaaaaaaaaaaaaaaaaaaaaaaaaaaaaaaaaaaaaaaaaaaaaaaaaaaaaaaaaaaaaaaaaaaaaaaaaaaaaaaaaaaaaaaaaaaaaaaaaaaaaaaaaaaaaaaaaaaaaaaaaaaaaaaaaaaaaaaaaaaaaaaaaaaaaaaaaaaaaaaaaaaaaaaaaaaaaaaaaaaaaaaaaaaaaaaaaaaaaaaaaaaaaaaaaaaaaaaaaaaaaaaaaaaaaaaaaaaaaaaaaaaaaaaaaaaaaaaaaaaaaaaaaaaaaaaaaaaaaaaaaaaaaaaaaaaaaaaaaaaaaaaaaaaaaaaaaaaaaaaaaaaaaaaaaaaaaaaaaaaaaaaaaaaaaaaaaaaaaaaaaaaaaaaaaaaaaaaaaaaaaaaaaaaaaaaaaaaaaaaaaaaaaaaaaaaaaaaaaaaaaaaaaaaaaaaaaaaaaaaaaaaaaaaaaaaaaaaaaaaaaaaaaaaaaaaaaaaaaaaaaaaaaaaaaaaaaaaaaaaaaaaaaaaaaaaaaaaaaaaaaaaaaaaaaaaaaaaaaaaaaaaaaaaaaaaaaaaaaaaaaaaaaaaaaaaaaaaaaaaaaaaaaaaaaaaaaaaaaaaaaaaaaaaaaaaaaaaaaaaaaaaaaaaaaaaaaaaaaaaaaaaaaaaaaaaaaaaaaaaaaaaaaaaaaaaaaaaaaaaaaaaaaaaaaaaaaaaaaaaaaaaaaaaaaaaaaaaaaaaaaaaaaaaaaaaaaaaaaaaaaaaaaaaaaaaaaaaaaaaaaaaaaaaaaaaaaaaaaaaaaaaaaaaaaaaaaaaaaaaaaaaaaaaaaaaaaaaaaaaaaaaaaaaaaaaaaaaaaaaaaaaaaaaaaaaaaaaaaaaaaaaaaaaaaaaaaaaaaaaaaaaaaaaaaaaaaaaaaaaaaaaaaaaaaaaaaaaaaaaaaaaaaaaaaaaaaaaaaaaaaaaaaaaaaaaaaaaaaaaaaaaaaaaaaaaaaaaaaaaaaaaaaaaaaaaaaaaaaaaaaaaaaaaaaaaaaaaaaaaaaaaaaaaaaaaaaaaaaaaaaaaaaaaaaaaaaaaaaaaaaaaaaaaaaaaaaaaaaaaaaaaaaaaaaaaaaaaaaaaaaaaaaaaaaaaaaaaaaaaaaaaaaaaaaaaaaaaaaaaaaaaaaaaaaaaaaaaaaaaaaaaaaaaaaaaaaaaaaaaaaaaaaaaaaaaaaaaaaaaaaaaaaaaaaaaaaaaaaaaaaaaaaaaaaaaaaaaaaaaaaaaaaaaaaaaaaaaaaaaaaaaaaaaaaaaaaaaaaaaaaaaaaaaaaaaaaaaaaaaaaaaaaaaaaaaaaaaaaaaaaaaaaaaaaaaaaaaaaaaaaaaaaaaaaaaaaaaaaaaaaaaaaaaaaaaaaaaaaaaaaaaaaaaaaaaaaaaaaaaaaaaaaaaaaaaaaaaaaaaaaaaaaaaaaaaaaaaaaaaaaaaaaaaaaaaaaaaaaaaaaaaaaaaaaaaaaaaaaaaaaaaaaaaaaaaaaaaaaaaaaaaaaaaaaaaaaaaaaaaaaaaaaaaaaaaaaaaaaaaaaaaaaaaaaaaaaaaaaaaaaaaaaaaaaaaaaaaaaaaaaaaaaaaaaaaaaaaaaaaaaaaaaaaaaaaaaaaaaaaaaaaaaaaaaaaaaaaaaaaaaaaaaaaaaaaaaaaaaaaaaaaaaaaaaaaaaaaaaaaaaaaaaaaaaaaaaaaaaaaaaaaaaaaaaaaaaaaaaaaaaaaaaaaaaaaaaaaaaaaaaaaaaaaaaaaaaaaaaaaaaaaaaaaaaaaaaaaaaaaaaaaaaaaaaaaaaaaaaaaaaaaaaaaaaaaaaaaaaaaaaaaaaaaaaaaaaaaaaaaaaaaaaaaaaaaaaaaaaaaaaaaaaaaaaaaaaaaaaaaaaaaaaaaaaaaaaaaaaaaaaaaaaaaaaaaaaaaaaaaaaaaaaaaaaaaaaaaaaaaaaaaaaaaaaaaaaaaaaaaaaaaaaaaaaaaaaaaaaaaaaaaaaaaaaaaaaaaaaaaaaaaaaaaaaaaaaaaaaaaaaaaaaaaaaaaaaaaaaaaaaaaaaaaaaaaaaaaaaaaaaaaaaaaaaaaaaaaaaaaaaaaaaaaaaaaaaaaaaaaaaaaaaaaaaaaaaaaaaaaaaaaaaaaaaaaaaaaaaaaaaaaaaaaaaaaaaaaaaaaaaaaaaaaaaaaaaaaaaaaaaaaaaaaaaaaaaaaaaaaaaaaaaaaaaaaaaaaaaaaaaaaaaaaaaaaaaaaaaaaaaaaaaaaaaaaaaaaaaaaaaaaaaaaaaaaaaaaaaaaaaaaaaaaaaaaaaaaaaaaaaaaaaaaaaaaaaaaaaaaaaaaaaaaaaaaaaaaaaaaaaaaaaaaaaaaaaaaaaaaaaaaaaaaaaaaaaaaaaaaaaaaaaaaaaaaaaaaaaaaaaaaaaaaaaaaaaaaaaaaaaaaaaaaaaaaaaaaaaaaaaaaaaaaaaaaaaaaaaaaaaaaaaaaaaaaaaaaaaaaaaaaaaaaaaaaaaaaaaaaaaaaaaaaaaaaaaaaaaaaaaaaaaaaaaaaaaaaaaaaaaaaaaaaaaaaaaaaaaaaaaaaaaaaaaaaaaaaaaaaaaaaaaaaaaaaaaaaaaaaaaaaaaaaaaaaaaaaaaaaaaaaaaaaaaaaaaaaaaaaaaaaaaaaaaaaaaaaaaaaaaaaaaaaaaaaaaaaaaaaaaaaaaaaaaaaaaaaaaaaaaaaaaaaaaaaaaaaaaaaaaaaaaaaaaaaaaaaaaaaaaaaaaaaaaaaaaaaaaaaaaaaaaaaaaaaaaaaaaaaaaaaaaaaaaaaaaaaaaaaaaaaaaaaaaaaaaaaaaaaaaaaaaaaaaaaaaaaaaaaaaaaaaaaaaaaaaaaaaaaaaaaaaaaaaaaaaaaaaaaaaaaaaaaaaaaaaaaaaaaaaaaaaaaaaaaaaaaaaaaaaaaaaaaaaaaaaaaaaaaaaaaaaaaaaaaaaaaaaaaaaaaaaaaaaaaaaaaaaaaaaaaaaaaaaaaaaaaaaaaaaaaaaaaaaaaaaaaaaaaaaaaaaaaaaaaaaaaaaaaaaaaaaaaaaaaaaaaaaaaaaaaaaaaaaaaaaaaaaaaaaaaaaaaaaaaaaaaaaaaaaaaaaaaaaaaaaaaaaaaaaaaaaaaaaaaaaaaaaaaaaaaaaaaaaaaaaaaaaaaaaaaaaaaaaaaaaaaaaaaaaaaaaaaaaaaaaaaaaaaaaaaaaaaaaaaaaaaaaaaaaaaaaaaaaaaaaaaaaaaaaaaaaaaaaaaaaaaaaaaaaaaaaaaaaaaaaaaaaaaaaaaaaaaaaaaaaaaaaaaaaaaaaaaaaaaaaaaaaaaaaaaaaaaaaaaaaaaaaaaaaaaaaaaaaaaaaaaaaaaaaaaaaaaaaaaaaaaaaaaaaaaaaaaaaaaaaaaaaaaaaaaaaaaaaaaaaaaaaaaaaaaaaaaaaaaaaaaaaaaaaaaaaaaaaaaaaaaaaaaaaaaaaaaaaaaaaaaaaaaaaaaaaaaaaaaaaaaaaaaaaaaaaaaaaaaaaaaaaaaaaaaaaaaaaaaaaaaaaaaaaaaaaaaaaaaaaaaaaaaaaaaaaaaaaaaaaaaaaaaaaaaaaaaaaaaaaaaaaaaaaaaaaaaaaaaaaaaaaaaaaaaaaaaaaaaaaaaaaaaaaaaaaaaaaaaaaaaaaaaaaaaaaaaaaaaaaaaaaaaaaaaaaaaaaaaaaaaaaaaaaaaaaaaaaaaaaaaaaaaaaaaaaaaaaaaaaaaaaaaaaaaaaaaaaaaaaaaaaaaaaaaaaaaaaaaaaaaaaaaaaaaaaaaaaaaaaaaaaaaaaaaaaaaaaaaaaaaaaaaaaaaaaaaaaaaaaaaaaaaaaaaaaaaaaaaaaaaaaaaaaaaaaaaaaaaaaaaaaaaaaaaaaaaaaaaaaaaaaaaaaaaaaaaaaaaaaaaaaaaaaaaaaaaaaaaaaaaaaaaaaaaaaaaaaaaaaaaaaaaaaaaaaaaaaaaaaaaaaaaaaaaaaaaaaaaaaaaaaaaaaaaaaaaaaaaaaaaaaaaaaaaaaaaaaaaaaaaaaaaaaaaaaaaaaaaaaaaaaaaaaaaaaaaaaaaaaaaaaaaaaaaaaaaaaaaaaaaaaaaaaaaaaaaaaaaaaaaaaaaaaaaaaaaaaaaaaaaaaaaaaaaaaaaaaaaaaaaaaaaaaaaaaaaaaaaaaaaaaaaaaaaaaaaaaaaaaaaaaaaaaaaaaaaaaaaaaaaaaaaaaaaaaaaaaaaaaaaaaaaaaaaaaaaaaaaaaaaaaaaaaaaaaaaaaaaaaaaaaaaaaaaaaaaaaaaaaaaaaaaaaaaaaaaaaaaaaaaaaaaaaaaaaaaaaaaaaaaaaaaaaaaaaaaaaaaaaaaaaaaaaaaaaaaaaaaaaaaaaaaaaaaaaaaaaaaaaaaaaaaaaaaaaaaaaaaaaaaaaaaaaaaaaaaaaaaaaaaaaaaaaaaaaaaaaaaaaaaaaaaaaaaaaaaaaaaaaaaaaaaaaaaaaaaaaaaaaaaaaaaaaaaaaaaaaaaaaaaaaaaaaaaaaaaaaaaaaaaaaaaaaaaaaaaaaaaaaaaaaaaaaaaaaaaaaaaaaaaaaaaaaaaaaaaaaaaaaaaaaaaaaaaaaaaaaaaaaaaaaaaaaaaaaaaaaaaaaaaaaaaaaaaaaaaaaaaaaaaaaaaaaaaaaaaaaaaaaaaaaaaaaaaaaaaaaaaaaaaaaaaaaaaaaaaaaaaaaaaaaaaaaaaaaaaaaaaaaaaaaaaaaaaaaaaaaaaaaaaaaaaaaaaaaaaaaaaaaaaaaaaaaaaaaaaaaaaaaaaaaaaaaaaaaaaaaaaaaaaaaaaaaaaaaaaaaaaaaaaaaaaaaaaaaaaaaaaaaaaaaaaaaaaaaaaaaaaaaaaaaaaaaaaaaaaaaaaaaaaaaaaaaaaaaaaaaaaaaaaaaaaaaaaaaaaaaaaaaaaaaaaaaaaaaaaaaaaaaaaaaaaaaaaaaaaaaaaaaaaaaaaaaaaaaaaaaaaaaaaaaaaaaaaaaaaaaaaaaaaaaaaaaaaaaaaaaaaaaaaaaaaaaaaaaaaaaaaaaaaaaaaaaaaaaaaaaaaaaaaaaaaaaaaaaaaaaaaaaaaaaaaaaaaaaaaaaaaaaaaaaaaaaaaaaaaaaaaaaaaaaaaaaaaaaaaaaaaaaaaaaaaaaaaaaaaaaaaaaaaaaaaaaaaaaaaaaaaaaaaaaaaaaaaaaaaaaaaaaaaaaaaaaaaaaaaaaaaaaaaaaaaaaaaaaaaaaaaaaaaaaaaaaaaaaaaaaaaaaaaaaaaaaaaaaaaaaaaaaaaaaaaaaaaaaaaaaaaaaaaaaaaaaaaaaaaaaaaaaaaaaaaaaaaaaaaaaaaaaaaaaaaaaaaaaaaaaaaaaaaaaaaaaaaaaaaaaaaaaaaaaaaaaaaaaaaaaaaaaaaaaaaaaaaaaaaaaaaaaaaaaaaaaaaaaaaaaaaaaaaaaaaaaaaaaaaaaaaaaaaaaaaaaaaaaaaaaaaaaaaaaaaaaaaaaaaaaaaaaaaaaaaaaaaaaaaaaaaaaaaaaaaaaaaaaaaaaaaaaaaaaaaaaaaaaaaaaaaaaaaaaaaaaaaaaaaaaaaaaaaaaaaaaaaaaaaaaaaaaaaaaaaaaaaaaaaaaaaaaaaaaaaaaaaaaaaaaaaaaaaaaaaaaaaaaaaaaaaaaaaaaaaaaaaaaaaaaaaaaaaaaaaaaaaaaaaaaaaaaaaaaaaaaaaaaaaaaaaaaaaaaaaaaaaaaaaaaaaaaaaaaaaaaaaaaaaaaaaaaaaaaaaaaaaaaaaaaaaaaaaaaaaaaaaaaaaaaaaaaaaaaaaaaaaaaaaaaaaaaaaaaaaaaaaaaaaaaaaaaaaaaaaaaaaaaaaaaaaaaaaaaaaaaaaaaaaaaaaaaaaaaaaaaaaaaaaaaaaaaaaaaaaaaaaaaaaaaaaaaaaaaaaaaaaaaaaaaaaaaaaaaaaaaaaaaaaaaaaaaaaaaaaaaaaaaaaaaaaaaaaaaaaaaaaaaaaaaaaaaaaaaaaaaaaaaaaaaaaaaaaaaaaaaaaaaaaaaaaaaaaaaaaaaaaaaaaaaaaaaaaaaaaaaaaaaaaaaaaaaaaaaaaaaaaaaaaaaaaaaaaaaaaaaaaaaaaaaaaaaaaaaaaaaaaaaaaaaaaaaaaaaaaaaaaaaaaaaaaaaaaaaaaaaaaaaaaaaaaaaaaaaaaaaaaaaaaaaaaaaaaaaaaaaaaaaaaaaaaaaaaaaaaaaaaaaaaaaaaaaaaaaaaaaaaaaaaaaaaaaaaaaaaaaaaaaaaaaaaaaaaaaaaaaaaaaaaaaaaaaaaaaaaaaaaaaaaaaaaaaaaaaaaaaaaaaaaaaaaaaaaaaaaaaaaaaaaaaaaaaaaaaaaaaaaaaaaaaaaaaaaaaaaaaaaaaaaaaaaaaaaaaaaaaaaaaaaaaaaaaaaaaaaaaaaaaaaaaaaaaaaaaaaaaaaaaaaaaaaaaaaaaaaaaaaaaaaaaaaaaaaaaaaaaaaaaaaaaaaaaaaaaaaaaaaaaaaaaaaaaaaaaaaaaaaaaaaaaaaaaaaaaaaaaaaaaaaaaaaaaaaaaaaaaaaaaaaaaaaaaaaaaaaaaaaaaaaaaaaaaaaaaaaaaaaaaaaaaaaaaaaaaaaaaaaaaaaaaaaaaaaaaaaaaaaaaaaaaaaaaaaaaaaaaaaaaaaaaaaaaaaaaaaaaaaaaaaaaaaaaaaaaaaaaaaaaaaaaaaaaaaaaaaaaaaaaaaaaaaaaaaaaaaaaaaaaaaaaaaaaaaaaaaaaaaaaaaaaaaaaaaaaaaaaaaaaaaaaaaaaaaaaaaaaaaaaaaaaaaaaaaaaaaaaaaaaaaaaaaaaaaaaaaaaaaaaaaaaaaaaaaaaaaaaaaaaaaaaaaaaaaaaaaaaaaaaaaaaaaaaaaaaaaaaaaaaaaaaaaaaaaaaaaaaaaaaaaaaaaaaaaaaaaaaaaaaaaaaaaaaaaaaaaaaaaaaaaaaaaaaaaaaaaaaaaaaaaaaaaaaaaaaaaaaaaaaaaaaaaaaaaaaaaaaaaaaaaaaaaaaaaaaaaaaaaaaaaaaaaaaaaaaaaaaaaaaaaaaaaaaaaaaaaaaaaaaaaaaaaaaaaaaaaaaaaaaaaaaaaaaaaaaaaaaaaaaaaaaaaaaaaaaaaaaaaaaaaaaaaaaaaaaaaaaaaaaaaaaaaaaaaaaaaaaaaaaaaaaaaaaaaaaaaaaaaaaaaaaaaaaaaaaaaaaaaaaaaaaaaaaaaaaaaaaaaaaaaaaaaaaaaaaaaaaaaaaaaaaaaaaaaaaaaaaaaaaaaaaaaaaaaaaaaaaaaaaaaaaaaaaaaaaaaaaaaaaaaaaaaaaaaaaaaaaaaaaaaaaaaaaaaaaaaaaaaaaaaaaaaaaaaaaaaaaaaaaaaaaaaaaaaaaaaaaaaaaaaaaaaaaaaaaaaaaaaaaaaaaaaaaaaaaaaaaaaaaaaaaaaaaaaaaaaaaaaaaaaaaaaaaaaaaaaaaaaaaaaaaaaaaaaaaaaaaaaaaaaaaaaaaaaaaaaaaaaaaaaaaaaaaaaaaaaaaaaaaaaaaaaaaaaaaaaaaaaaaaaaaaaaaaaaaaaaaaaaaaaaaaaaaaaaaaaaaaaaaaaaaaaaaaaaaaaaaaaaaaaaaaaaaaaaaaaaaaaaaaaaaaaaaaaaaaaaaaaaaaaaaaaaaaaaaaaaaaaaaaaaaaaaaaaaaaaaaaaaaaaaaaaaaaaaaaaaaaaaaaaaaaaaaaaaaaaaaaaaaaaaaaaaaaaaaaaaaaaaaaaaaaaaaaaaaaaaaaaaaaaaaaaaaaaaaaaaaaaaaaaaaaaaaaaaaaaaaaaaaaaaaaaaaaaaaaaaaaaaaaaaaaaaaaaaaaaaaaaaaaaaaaaaaaaaaaaaaaaaaaaaaaaaaaaaaaaaaaaaaaaaaaaaaaaaaaaaaaaaaaaaaaaaaaaaaaaaaaaaaaaaaaaaaaaaaaaaaaaaaaaaaaaaaaaaaaaaaaaaaaaaaaaaaaaaaaaaaaaaaaaaaaaaaaaaaaaaaaaaaaaaaaaaaaaaaaaaaaaaaaaaaaaaaaaaaaaaaaaaaaaaaaaaaaaaaaaaaaaaaaaaaaaaaaaaaaaaaaaaaaaaaaaaaaaaaaaaaaaaaaaaaaaaaaaaaaaaaaaaaaaaaaaaaaaaaaaaaaaaaaaaaaaaaaaaaaaaaaaaaaaaaaaaaaaaaaaaaaaaaaaaaaaaaaaaaaaaaaaaaaaaaaaaaaaaaaaaaaaaaaaaaaaaaaaaaaaaaaaaaaaaaaaaaaaaaaaaaaaaaaaaaaaaaaaaaaaaaaaaaaaaaaaaaaaaaaaaaaaaaaaaaaaaaaaaaaaaaaaaaaaaaaaaaaaaaaaaaaaaaaaaaaaaaaaaaaaaaaaaaaaaaaaaaaaaaaaaaaaaaaaaaaaaaaaaaaaaaaaaaaaaaaaaaaaaaaaaaaaaaaaaaaaaaaaaaaaaaaaaaaaaaaaaaaaaaaaaaaaaaaaaaaaaaaaaaaaaaaaaaaaaaaaaaaaaaaaaaaaaaaaaaaaaaaaaaaaaaaaaaaaaaaaaaaaaaaaaaaaaaaaaaaaaaaaaaaaaaaaaaaaaaaaaaaaaaaaaaaaaaaaaaaaaaaaaaaaaaaaaaaaaaaaaaaaaaaaaaaaaaaaaaaaaaaaaaaaaaaaaaaaaaaaaaaaaaaaaaaaaaaaaaaaaaaaaaaaaaaaaaaaaaaaaaaaaaaaaaaaaaaaaaaaaaaaaaaaaaaaaaaaaaaaaaaaaaaaaaaaaaaaaaaaaaaaaaaaaaaaaaaaaaaaaaaaaaaaaaaaaaaaaaaaaaaaaaaaaaaaaaaaaaaaaaaaaaaaaaaaaaaaaaaaaaaaaaaaaaaaaaaaaaaaaaaaaaaaaaaaaaaaaaaaaaaaaaaaaaaaaaaaaaaaaaaaaaaaaaaaaaaaaaaaaaaaaaaaaaaaaaaaaaaaaaaaaaaaaaaaaaaaaaaaaaaaaaaaaaaaaaaaaaaaaaaaaaaaaaaaaaaaaaaaaaaaaaaaaaaaaaaaaaaaaaaaaaaaaaaaaaaaaaaaaaaaaaaaaaaaaaaaaaaaaaaaaaaaaaaaaaaaaaaaaaaaaaaaaaaaaaaaaaaaaaaaaaaaaaaaaaaaaaaaaaaaaaaaaaaaaaaaaaaaaaaaaaaaaaaaaaaaaaaaaaaaaaaaaaaaaaaaaaaaaaaaaaaaaaaaaaaaaaaaaaaaaaaaaaaaaaaaaaaaaaaaaaaaaaaaaaaaaaaaaaaaaaaaaaaaaaaaaaaaaaaaaaaaaaaaaaaaaaaaaaaaaaaaaaaaaaaaaaaaaaaaaaaaaaaaaaaaaaaaaaaaaaaaaaaaaaaaaaaaaaaaaaaaaaaaaaaaaaaaaaaaaaaaaaaaaaaaaaaaaaaaaaaaaaaaaaaaaaaaaaaaaaaaaaaaaaaaaaaaaaaaaaaaaaaaaaaaaaaaaaaaaaaaaaaaaaaaaaaaaaaaaaaaaaaaaaaaaaaaaaaaaaaaaaaaaaaaaaaaaaaaaaaaaaaaaaaaaaaaaaaaaaaaaaaaaaaaaaaaaaaaaaaaaaaaaaaaaaaaaaaaaaaaaaaaaaaaaaaaaaaaaaaaaaaaaaaaaaaaaaaaaaaaaaaaaaaaaaaaaaaaaaaaaaaaaaaaaaaaaaaaaaaaaaaaaaaaaaaaaaaaaaaaaaaaaaaaaaaaaaaaaaaaaaaaaaaaaaaaaaaaaaaaaaaaaaaaaaaaaaaaaaaaaaaaaaaaaaaaaaaaaaaaaaaaaaaaaaaaaaaaaaaaaaaaaaaaaaaaaaaaaaaaaaaaaaaaaaaaaaaaaaaaaaaaaaaaaaaaaaaaaaaaaaaaaaaaaaaaaaaaaaaaaaaaaaaaaaaaaaaaaaaaaaaaaaaaaaaaaaaaaaaaaaaaaaaaaaaaaaaaaaaaaaaaaaaaaaaaaaaaaaaaaaaaaaaaaaaaaaaaaaaaaaaaaaaaaaaaaaaaaaaaaaaaaaaaaaaaaaaaaaaaaaaaaaaaaaaaaaaaaaaaaaaaaaaaaaaaaaaaaaaaaaaaaaaaaaaaaaaaaaaaaaaaaaaaaaaaaaaaaaaaaaaaaaaaaaaaaaaaaaaaaaaaaaaaaaaaaaaaaaaaaaaaaaaaaaaaaaaaaaaaaaaaaaaaaaaaaaaaaaaaaaaaaaaaaaaaaaaaaaaaaaaaaaaaaaaaaaaaaaaaaaaaaaaaaaaaaaaaaaaaaaaaaaaaaaaaaaaaaaaaaaaaaaaaaaaaaaaaaaaaaaaaaaaaaaaaaaaaaaaaaaaaaaaaaaaaaaaaaaaaaaaaaaaaaaaaaaaaaaaaaaaaaaaaaaaaaaaaaaaaaaaaaaaaaaaaaaaaaaaaaaaaaaaaaaaaaaaaaaaaaaaaaaaaaaaaaaaaaaaaaaaaaaaaaaaaaaaaaaaaaaaaaaaaaaaaaaaaaaaaaaaaaaaaaaaaaaaaaaaaaaaaaaaaaaaaaaaaaaaaaaaaaaaaaaaaaaaaaaaaaaaaaaaaaaaaaaaaaaaaaaaaaaaaaaaaaaaaaaaaaaaaaaaaaaaaaaaaaaaaaaaaaaaaaaaaaaaaaaaaaaaaaaaaaaaaaaaaaaaaaaaaaaaaaaaaaaaaaaaaaaaaaaaaaaaaaaaaaaaaaaaaaaaaaaaaaaaaaaaaaaaaaaaaaaaaaaaaaaaaaaaaaaaaaaaaaaaaaaaaaaaaaaaaaaaaaaaaaaaaaaaaaaaaaaaaaaaaaaaaaaaaaaaaaaaaaaaaaaaaaaaaaaaaaaaaaaaaaaaaaaaaaaaaaaaaaaaaaaaaaaaaaaaaaaaaaaaaaaaaaaaaaaaaaaaaaaaaaaaaaaaaaaaaaaaaaaaaaaaaaaaaaaaaaaaaaaaaaaaaaaaaaaaaaaaaaaaaaaaaaaaaaaaaaaaaaaaaaaaaaaaaaaaaaaaaaaaaaaaaaaaaaaaaaaaaaaaaaaaaaaaaaaaaaaaaaaaaaaaaaaaaaaaaaaaaaaaaaaaaaaaaaaaaaaaaaaaaaaaaaaaaaaaaaaaaaaaaaaaaaaaaaaaaaaaaaaaaaaaaaaaaaaaaaaaaaaaaaaaaaaaaaaaaaaaaaaaaaaaaaaaaaaaaaaaaaaaaaaaaaaaaaaaaaaaaaaaaaaaaaaaaaaaaaaaaaaaaaaaaaaaaaaaaaaaaaaaaaaaaaaaaaaaaaaaaaaaaaaaaaaaaaaaaaaaaaaaaaaaaaaaaaaaaaaaaaaaaaaaaaaaaaaaaaaaaaaaaaaaaaaaaaaaaaaaaaaaaaaaaaaaaaaaaaaaaaaaaaaaaaaaaaaaaaaaaaaaaaaaaaaaaaaaaaaaaaaaaaaaaaaaaaaaaaaaaaaaaaaaaaaaaaaaaaaaaaaaaaaaaaaaaaaaaaaaaaaaaaaaaaaaaaaaaaaaaaaaaaaaaaaaaaaaaaaaaaaaaaaaaaaaaaaaaaaaaaaaaaaaaaaaaaaaaaaaaaaaaaaaaaaaaaaaaaaaaaaaaaaaaaaaaaaaaaaaaaaaaaaaaaaaaaaaaaaaaaaaaaaaaaaaaaaaaaaaaaaaaaaaaaaaaaaaaaaaaaaaaaaaaaaaaaaaaaaaaaaaaaaaaaaaaaaaaaaaaaaaaaaaaaaaaaaaaaaaaaaaaaaaaaaaaaaaaaaaaaaaaaaaaaaaaaaaaaaaaaaaaaaaaaaaaaaaaaaaaaaaaaaaaaaaaaaaaaaaaaaaaaaaaaaaaaaaaaaaaaaaaaaaaaaaaaaaaaaaaaaaaaaaaaaaaaaaaaaaaaaaaaaaaaaaaaaaaaaaaaaaaaaaaaaaaaaaaaaaaaaaaaaaaaaaaaaaaaaaaaaaaaaaaaaaaaaaaaaaaaaaaaaaaaaaaaaaaaaaaaaaaaaaaaaaaaaaaaaaaaaaaaaaaaaaaaaaaaaaaaaaaaaaaaaaaaaaaaaaaaaaaaaaaaaaaaaaaaaaaaaaaaaaaaaaaaaaaaaaaaaaaaaaaaaaaaaaaaaaaaaaaaaaaaaaaaaaaaaaaaaaaaaaaaaaaaaaaaaaaaaa','aaaaaaaaaaaaaaaaaaaaaaaaaaaaaaaaaaaaaaaaaaaaaaaaaaaaaaaaaaaaaaaaaaaaaaaaaaaaaaaaaaaaaaaaaaaaaaaaaaaaaaaaaaaaaaaaaaaaaaaaaaaaaaaaaaaaaaaaaaaaaaaaaaaaaaaaaaaaaaaaaaaaaaaaaaaaaaaaaaaaaaaaaaaaaaaaaaaaaaaaaaaaaaaaaaaaaaaaaaaaaaaaaaaaaaaaaaaaaaaaaaaaaaaaaaaaaaaaaaaaaaaaaaaaaaaaaaaaaaaaaaaaaaaaaaaaaaaaaaaaaaaaaaaaaaaaaaaaaaaaaaaaaaaaaaaaaaaaaaaaaaaaaaaaaaaaaaaaaaaaaaaaaaaaaaaaaaaaaaaaaaaaaaaaaaaaaaaaaaaaaaaaaaaaaaaaaaaaaaaaaaaaaaaaaaaaaaaaaaaaaaaaaaaaaaaaaaaaaaaaaaaaaaaaaaaaaaaaaaaaaaaaaaaaaaaaaaaaaaaaaaaaaaaaaaaaaaaaaaaaaaaaaaaaaaaaaaaaaaaaaaaaaaaaaaaaaaaaaaaaaaaaaaaaaaaaaaaaaaaaaaaaaaaaaaaaaaaaaaaaaaaaaaaaaaaaaaaaaaaaaaaaaaaaaaaaaaaaaaaaaaaaaaaaaaaaaaaaaaaaaaaaaaaaaaaaaaaaaaaaaaaaaaaaaaaaaaaaaaaaaaaaaaaaaaaaaaaaaaaaaaaaaaaaaaaaaaaaaaaaaaaaaaaaaaaaaaaaaaaaaaaaaaaaaaaaaaaaaaaaaaaaaaaaaaaaaaaaaaaaaaaaaaaaaaaaaaaaaaaaaaaaaaaaaaaaaaaaaaaaaaaaaaaaaaaaaaaaaaaaaaaaaaaaaaaaaaaaaaaaaaaaaaaaaaaaaaaaaaaaaaaaaaaaaaaaaaaaaaaaaaaaaaaaaaaaaaaaaaaaaaaaaaaaaaaaaaaaaaaaaaaaaaaaaaaaaaaaaaaaaaaaaaaaaaaaaaaaaaaaaaaaaaaaaaaaaaaaaaaaaaaaaaaaaaaaaaaaaaaaaaaaaaaaaaaaaaaaaaaaaaaaaaaaaaaaaaaaaaaaaaaaaaaaaaaaaaaaaaaaaaaaaaaaaaaaaaaaaaaaaaaaaaaaaaaaaaaaaaaaaaaaaaaaaaaaaaaaaaaaaaaaaaaaaaaaaaaaaaaaaaaaaaaaaaaaaaaaaaaaaaaaaaaaaaaaaaaaaaaaaaaaaaaaaaaaaaaaaaaaaaaaaaaaaaaaaaaaaaaaaaaaaaaaaaaaaaaaaaaaaaaaaaaaaaaaaaaaaaaaaaaaaaaaaaaaaaaaaaaaaaaaaaaaaaaaaaaaaaaaaaaaaaaaaaaaaaaaaaaaaaaaaaaaaaaaaaaaaaaaaaaaaaaaaaaaaaaaaaaaaaaaaaaaaaaaaaaaaaaaaaaaaaaaaaaaaaaaaaaaaaaaaaaaaaaaaaaaaaaaaaaaaaaaaaaaaaaaaaaaaaaaaaaaaaaaaaaaaaaaaaaaaaaaaaaaaaaaaaaaaaaaaaaaaaaaaaaaaaaaaaaaaaaaaaaaaaaaaaaaaaaaaaaaaaaaaaaaaaaaaaaaaaaaaaaaaaaaaaaaaaaaaaaaaaaaaaaaaaaaaaaaaaaaaaaaaaaaaaaaaaaaaaaaaaaaaaaaaaaaaaaaaaaaaaaaaaaaaaaaaaaaaaaaaaaaaaaaaaaaaaaaaaaaaaaaaaaaaaaaaaaaaaaaaaaaaaaaaaaaaaaaaaaaaaaaaaaaaaaaaaaaaaaaaaaaaaaaaaaaaaaaaaaaaaaaaaaaaaaaaaaaaaaaaaaaaaaaaaaaaaaaaaaaaaaaaaaaaaaaaaaaaaaaaaaaaaaaaaaaaaaaaaaaaaaaaaaaaaaaaaaaaaaaaaaaaaaaaaaaaaaaaaaaaaaaaaaaaaaaaaaaaaaaaaaaaaaaaaaaaaaaaaaaaaaaaaaaaaaaaaaaaaaaaaaaaaaaaaaaaaaaaaaaaaaaaaaaaaaaaaaaaaaaaaaaaaaaaaaaaaaaaaaaaaaaaaaaaaaaaaaaaaaaaaaaaaaaaaaaaaaaaaaaaaaaaaaaaaaaaaaaaaaaaaaaaaaaaaaaaaaaaaaaaaaaaaaaaaaaaaaaaaaaaaaaaaaaaaaaaaaaaaaaaaaaaaaaaaaaaaaaaaaaaaaaaaaaaaaaaaaaaaaaaaaaaaaaaaaaaaaaaaaaaaaaaaaaaaaaaaaaaaaaaaaaaaaaaaaaaaaaaaaaaaaaaaaaaaaaaaaaaaaaaaaaaaaaaaaaaaaaaaaaaaaaaaaaaaaaaaaaaaaaaaaaaaaaaaaaaaaaaaaaaaaaaaaaaaaaaaaaaaaaaaaaaaaaaaaaaaaaaaaaaaaaaaaaaaaaaaaaaaaaaaaaaaaaaaaaaaaaaaaaaaaaaaaaaaaaaaaaaaaaaaaaaaaaaaaaaaaaaaaaaaaaaaaaaaaaaaaaaaaaaaaaaaaaaaaaaaaaaaaaaaaaaaaaaaaaaaaaaaaaaaaaaaaaaaaaaaaaaaaaaaaaaaaaaaaaaaaaaaaaaaaaaaaaaaaaaaaaaaaaaaaaaaaaaaaaaaaaaaaaaaaaaaaaaaaaaaaaaaaaaaaaaaaaaaaaaaaaaaaaaaaaaaaaaaaaaaaaaaaaaaaaaaaaaaaaaaaaaaaaaaaaaaaaaaaaaaaaaaaaaaaaaaaaaaaaaaaaaaaaaaaaaaaaaaaaaaaaaaaaaaaaaaaaaaaaaaaaaaaaaaaaaaaaaaaaaaaaaaaaaaaaaaaaaaaaaaaaaaaaaaaaaaaaaaaaaaaaaaaaaaaaaaaaaaaaaaaaaaaaaaaaaaaaaaaaaaaaaaaaaaaaaaaaaaaaaaaaaaaaaaaaaaaaaaaaaaaaaaaaaaaaaaaaaaaaaaaaaaaaaaaaaaaaaaaaaaaaaaaaaaaaaaaaaaaaaaaaaaaaaaaaaaaaaaaaaaaaaaaaaaaaaaaaaaaaaaaaaaaaaaaaaaaaaaaaaaaaaaaaaaaaaaaaaaaaaaaaaaaaaaaaaaaaaaaaaaaaaaaaaaaaaaaaaaaaaaaaaaaaaaaaaaaaaaaaaaaaaaaaaaaaaaaaaaaaaaaaaaaaaaaaaaaaaaaaaaaaaaaaaaaaaaaaaaaaaaaaaaaaaaaaaaaaaaaaaaaaaaaaaaaaaaaaaaaaaaaaaaaaaaaaaaaaaaaaaaaaaaaaaaaaaaaaaaaaaaaaaaaaaaaaaaaaaaaaaaaaaaaaaaaaaaaaaaaaaaaaaaaaaaaaaaaaaaaaaaaaaaaaaaaaaaaaaaaaaaaaaaaaaaaaaaaaaaaaaaaaaaaaaaaaaaaaaaaaaaaaaaaaaaaaaaaaaaaaaaaaaaaaaaaaaaaaaaaaaaaaaaaaaaaaaaaaaaaaaaaaaaaaaaaaaaaaaaaaaaaaaaaaaaaaaaaaaaaaaaaaaaaaaaaaaaaaaaaaaaaaaaaaaaaaaaaaaaaaaaaaaaaaaaaaaaaaaaaaaaaaaaaaaaaaaaaaaaaaaaaaaaaaaaaaaaaaaaaaaaaaaaaaaaaaaaaaaaaaaaaaaaaaaaaaaaaaaaaaaaaaaaaaaaaaaaaaaaaaaaaaaaaaaaaaaaaaaaaaaaaaaaaaaaaaaaaaaaaaaaaaaaaaaaaaaaaaaaaaaaaaaaaaaaaaaaaaaaaaaaaaaaaaaaaaaaaaaaaaaaaaaaaaaaaaaaaaaaaaaaaaaaaaaaaaaaaaaaaaaaaaaaaaaaaaaaaaaaaaaaaaaaaaaaaaaaaaaaaaaaaaaaaaaaaaaaaaaaaaaaaaaaaaaaaaaaaaaaaaaaaaaaaaaaaaaaaaaaaaaaaaaaaaaaaaaaaaaaaaaaaaaaaaaaaaaaaaaaaaaaaaaaaaaaaaaaaaaaaaaaaaaaaaaaaaaaaaaaaaaaaaaaaaaaaaaaaaaaaaaaaaaaaaaaaaaaaaaaaaaaaaaaaaaaaaaaaaaaaaaaaaaaaaaaaaaaaaaaaaaaaaaaaaaaaaaaaaaaaaaaaaaaaaaaaaaaaaaaaaaaaaaaaaaaaaaaaaaaaaaaaaaaaaaaaaaaaaaaaaaaaaaaaaaaaaaaaaaaaaaaaaaaaaaaaaaaaaaaaaaaaaaaaaaaaaaaaaaaaaaaaaaaaaaaaaaaaaaaaaaaaaaaaaaaaaaaaaaaaaaaaaaaaaaaaaaaaaaaaaaaaaaaaaaaaaaaaaaaaaaaaaaaaaaaaaaaaaaaaaaaaaaaaaaaaaaaaaaaaaaaaaaaaaaaaaaaaaaaaaaaaaaaaaaaaaaaaaaaaaaaaaaaaaaaaaaaaaaaaaaaaaaaaaaaaaaaaaaaaaaaaaaaaaaaaaaaaaaaaaaaaaaaaaaaaaaaaaaaaaaaaaaaaaaaaaaaaaaaaaaaaaaaaaaaaaaaaaaaaaaaaaaaaaaaaaaaaaaaaaaaaaaaaaaaaaaaaaaaaaaaaaaaaaaaaaaaaaaaaaaaaaaaaaaaaaaaaaaaaaaaaaaaaaaaaaaaaaaaaaaaaaaaaaaaaaaaaaaaaaaaaaaaaaaaaaaaaaaaaaaaaaaaaaaaaaaaaaaaaaaaaaaaaaaaaaaaaaaaaaaaaaaaaaaaaaaaaaaaaaaaaaaaaaaaaaaaaaaaaaaaaaaaaaaaaaaaaaaaaaaaaaaaaaaaaaaaaaaaaaaaaaaaaaaaaaaaaaaaaaaaaaaaaaaaaaaaaaaaaaaaaaaaaaaaaaaaaaaaaaaaaaaaaaaaaaaaaaaaaaaaaaaaaaaaaaaaaaaaaaaaaaaaaaaaaaaaaaaaaaaaaaaaaaaaaaaaaaaaaaaaaaaaaaaaaaaaaaaaaaaaaaaaaaaaaaaaaaaaaaaaaaaaaaaaaaaaaaaaaaaaaaaaaaaaaaaaaaaaaaaaaaaaaaaaaaaaaaaaaaaaaaaaaaaaaaaaaaaaaaaaaaaaaaaaaaaaaaaaaaaaaaaaaaaaaaaaaaaaaaaaaaaaaaaaaaaaaaaaaaaaaaaaaaaaaaaaaaaaaaaaaaaaaaaaaaaaaaaaaaaaaaaaaaaaaaaaaaaaaaaaaaaaaaaaaaaaaaaaaaaaaaaaaaaaaaaaaaaaaaaaaaaaaaaaaaaaaaaaaaaaaaaaaaaaaaaaaaaaaaaaaaaaaaaaaaaaaaaaaaaaaaaaaaaaaaaaaaaaaaaaaaaaaaaaaaaaaaaaaaaaaaaaaaaaaaaaaaaaaaaaaaaaaaaaaaaaaaaaaaaaaaaaaaaaaaaaaaaaaaaaaaaaaaaaaaaaaaaaaaaaaaaaaaaaaaaaaaaaaaaaaaaaaaaaaaaaaaaaaaaaaaaaaaaaaaaaaaaaaaaaaaaaaaaaaaaaaaaaaaaaaaaaaaaaaaaaaaaaaaaaaaaaaaaaaaaaaaaaaaaaaaaaaaaaaaaaaaaaaaaaaaaaaaaaaaaaaaaaaaaaaaaaaaaaaaaaaaaaaaaaaaaaaaaaaaaaaaaaaaaaaaaaaaaaaaaaaaaaaaaaaaaaaaaaaaaaaaaaaaaaaaaaaaaaaaaaaaaaaaaaaaaaaaaaaaaaaaaaaaaaaaaaaaaaaaaaaaaaaaaaaaaaaaaaaaaaaaaaaaaaaaaaaaaaaaaaaaaaaaaaaaaaaaaaaaaaaaaaaaaaaaaaaaaaaaaaaaaaaaaaaaaaaaaaaaaaaaaaaaaaaaaaaaaaaaaaaaaaaaaaaaaaaaaaaaaaaaaaaaaaaaaaaaaaaaaaaaaaaaaaaaaaaaaaaaaaaaaaaaaaaaaaaaaaaaaaaaaaaaaaaaaaaaaaaaaaaaaaaaaaaaaaaaaaaaaaaaaaaaaaaaaaaaaaaaaaaaaaaaaaaaaaaaaaaaaaaaaaaaaaaaaaaaaaaaaaaaaaaaaaaaaaaaaaaaaaaaaaaaaaaa','aaaaaaaaaaaaaaaaaaaaaaaaaaaaaaaaaaaaaaaaaaaaaaaaaaaaaaaaaaaaaaaaaaaaaaaaaaaaaaaaaaaaaaaaaaaaaaaaaaaaaaaaaaaaaaaaaaaaaaaaaaaaaaaaaaaaaaaaaaaaaaaaaaaaaaaaaaaaaaaaaaaaaaaaaaaaaaaaaaaaaaaaaaaaaaaaaaaaaaaaaaaaaaaaaaaaaaaaaaaaaaaaaaaaaaaaaaaaaaaaaaaaaaaaaaaaaaaaaaaaaaaaaaaaaaaaaaaaaaaaaaaaaaaaaaaaaaaaaaaaaaaaaaaaaaaaaaaaaaaaaaaaaaaaaaaaaaaaaaaaaaaaaaaaaaaaaaaaaaaaaaaaaaaaaaaaaaaaaaaaaaaaaaaaaaaaaaaaaaaaaaaaaaaaaaaaaaaaaaaaaaaaaaaaaaaaaaaaaaaaaaaaaaaaaaaaaaaaaaaaaaaaaaaaaaaaaaaaaaaaaaaaaaaaaaaaaaaaaaaaaaaaaaaaaaaaaaaaaaaaaaaaaaaaaaaaaaaaaaaaaaaaaaaaaaaaaaaaaaaaaaaaaaaaaaaaaaaaaaaaaaaaaaaaaaaaaaaaaaaaaaaaaaaaaaaaaaaaaaaaaaaaaaaaaaaaaaaaaaaaaaaaaaaaaaaaaaaaaaaaaaaaaaaaaaaaaaaaaaaaaaaaaaaaaaaaaaaaaaaaaaaaaaaaaaaaaaaaaaaaaaaaaaaaaaaaaaaaaaaaaaaaaaaaaaaaaaaaaaaaaaaaaaaaaaaaaaaaaaaaaaaaaaaaaaaaaaaaaaaaaaaaaaaaaaaaaaaaaaaaaaaaaaaaaaaaaaaaaaaaaaaaaaaaaaaaaaaaaaaaaaaaaaaaaaaaaaaaaaaaaaaaaaaaaaaaaaaaaaaaaaaaaaaaaaaaaaaaaaaaaaaaaaaaaaaaaaaaaaaaaaaaaaaaaaaaaaaaaaaaaaaaaaaaaaaaaaaaaaaaaaaaaaaaaaaaaaaaaaaaaaaaaaaaaaaaaaaaaaaaaaaaaaaaaaaaaaaaaaaaaaaaaaaaaaaaaaaaaaaaaaaaaaaaaaaaaaaaaaaaaaaaaaaaaaaaaaaaaaaaaaaaaaaaaaaaaaaaaaaaaaaaaaaaaaaaaaaaaaaaaaaaaaaaaaaaaaaaaaaaaaaaaaaaaaaaaaaaaaaaaaaaaaaaaaaaaaaaaaaaaaaaaaaaaaaaaaaaaaaaaaaaaaaaaaaaaaaaaaaaaaaaaaaaaaaaaaaaaaaaaaaaaaaaaaaaaaaaaaaaaaaaaaaaaaaaaaaaaaaaaaaaaaaaaaaaaaaaaaaaaaaaaaaaaaaaaaaaaaaaaaaaaaaaaaaaaaaaaaaaaaaaaaaaaaaaaaaaaaaaaaaaaaaaaaaaaaaaaaaaaaaaaaaaaaaaaaaaaaaaaaaaaaaaaaaaaaaaaaaaaaaaaaaaaaaaaaaaaaaaaaaaaaaaaaaaaaaaaaaaaaaaaaaaaaaaaaaaaaaaaaaaaaaaaaaaaaaaaaaaaaaaaaaaaaaaaaaaaaaaaaaaaaaaaaaaaaaaaaaaaaaaaaaaaaaaaaaaaaaaaaaaaaaaaaaaaaaaaaaaaaaaaaaaaaaaaaaaaaaaaaaaaaaaaaaaaaaaaaaaaaaaaaaaaaaaaaaaaaaaaaaaaaaaaaaaaaaaaaaaaaaaaaaaaaaaaaaaaaaaaaaaaaaaaaaaaaaaaaaaaaaaaaaaaaaaaaaaaaaaaaaaaaaaaaaaaaaaaaaaaaaaaaaaaaaaaaaaaaaaaaaaaaaaaaaaaaaaaaaaaaaaaaaaaaaaaaaaaaaaaaaaaaaaaaaaaaaaaaaaaaaaaaaaaaaaaaaaaaaaaaaaaaaaaaaaaaaaaaaaaaaaaaaaaaaaaaaaaaaaaaaaaaaaaaaaaaaaaaaaaaaaaaaaaaaaaaaaaaaaaaaaaaaaaaaaaaaaaaaaaaaaaaaaaaaaaaaaaaaaaaaaaaaaaaaaaaaaaaaaaaaaaaaaaaaaaaaaaaaaaaaaaaaaaaaaaaaaaaaaaaaaaaaaaaaaaaaaaaaaaaaaaaaaaaaaaaaaaaaaaaaaaaaaaaaaaaaaaaaaaaaaaaaaaaaaaaaaaaaaaaaaaaaaaaaaaaaaaaaaaaaaaaaaaaaaaaaaaaaaaaaaaaaaaaaaaaaaaaaaaaaaaaaaaaaaaaaaaaaaaaaaaaaaaaaaaaaaaaaaaaaaaaaaaaaaaaaaaaaaaaaaaaaaaaaaaaaaaaaaaaaaaaaaaaaaaaaaaaaaaaaaaaaaaaaaaaaaaaaaaaaaaaaaaaaaaaaaaaaaaaaaaaaaaaaaaaaaaaaaaaaaaaaaaaaaaaaaaaaaaaaaaaaaaaaaaaaaaaaaaaaaaaaaaaaaaaaaaaaaaaaaaaaaaaaaaaaaaaaaaaaaaaaaaaaaaaaaaaaaaaaaaaaaaaaaaaaaaaaaaaaaaaaaaaaaaaaaaaaaaaaaaaaaaaaaaaaaaaaaaaaaaaaaaaaaaaaaaaaaaaaaaaaaaaaaaaaaaaaaaaaaaaaaaaaaaaaaaaaaaaaaaaaaaaaaaaaaaaaaaaaaaaaaaaaaaaaaaaaaaaaaaaaaaaaaaaaaaaaaaaaaaaaaaaaaaaaaaaaaaaaaaaaaaaaaaaaaaaaaaaaaaaaaaaaaaaaaaaaaaaaaaaaaaaaaaaaaaaaaaaaaaaaaaaaaaaaaaaaaaaaaaaaaaaaaaaaaaaaaaaaaaaaaaaaaaaaaaaaaaaaaaaaaaaaaaaaaaaaaaaaaaaaaaaaaaaaaaaaaaaaaaaaaaaaaaaaaaaaaaaaaaaaaaaaaaaaaaaaaaaaaaaaaaaaaaaaaaaaaaaaaaaaaaaaaaaaaaaaaaaaaaaaaaaaaaaaaaaaaaaaaaaaaaaaaaaaaaaaaaaaaaaaaaaaaaaaaaaaaaaaaaaaaaaaaaaaaaaaaaaaaaaaaaaaaaaaaaaaaaaaaaaaaaaaaaaaaaaaaaaaaaaaaaaaaaaaaaaaaaaaaaaaaaaaaaaaaaaaaaaaaaaaaaaaaaaaaaaaaaaaaaaaaaaaaaaaaaaaaaaaaaaaaaaaaaaaaaaaaaaaaaaaaaaaaaaaaaaaaaaaaaaaaaaaaaaaaaaaaaaaaaaaaaaaaaaaaaaaaaaaaaaaaaaaaaaaaaaaaaaaaaaaaaaaaaaaaaaaaaaaaaaaaaaaaaaaaaaaaaaaaaaaaaaaaaaaaaaaaaaaaaaaaaaaaaaaaaaaaaaaaaaaaaaaaaaaaaaaaaaaaaaaaaaaaaaaaaaaaaaaaaaaaaaaaaaaaaaaaaaaaaaaaaaaaaaaaaaaaaaaaaaaaaaaaaaaaaaaaaaaaaaaaaaaaaaaaaaaaaaaaaaaaaaaaaaaaaaaaaaaaaaaaaaaaaaaaaaaaaaaaaaaaaaaaaaaaaaaaaaaaaaaaaaaaaaaaaaaaaaaaaaaaaaaaaaaaaaaaaaaaaaaaaaaaaaaaaaaaaaaaaaaaaaaaaaaaaaaaaaaaaaaaaaaaaaaaaaaaaaaaaaaaaaaaaaaaaaaaaaaaaaaaaaaaaaaaaaaaaaaaaaaaaaaaaaaaaaaaaaaaaaaaaaaaaaaaaaaaaaaaaaaaaaaaaaaaaaaaaaaaaaaaaaaaaaaaaaaaaaaaaaaaaaaaaaaaaaaaaaaaaaaaaaaaaaaaaaaaaaaaaaaaaaaaaaaaaaaaaaaaaaaaaaaaaaaaaaaaaaaaaaaaaaaaaaaaaaaaaaaaaaaaaaaaaaaaaaaaaaaaaaaaaaaaaaaaaaaaaaaaaaaaaaaaaaaaaaaaaaaaaaaaaaaaaaaaaaaaaaaaaaaaaaaaaaaaaaaaaaaaaaaaaaaaaaaaaaaaaaaaaaaaaaaaaaaaaaaaaaaaaaaaaaaaaaaaaaaaaaaaaaaaaaaaaaaaaaaaaaaaaaaaaaaaaaaaaaaaaaaaaaaaaaaaaaaaaaaaaaaaaaaaaaaaaaaaaaaaaaaaaaaaaaaaaaaaaaaaaaaaaaaaaaaaaaaaaaaaaaaaaaaaaaaaaaaaaaaaaaaaaaaaaaaaaaaaaaaaaaaaaaaaaaaaaaaaaaaaaaaaaaaaaaaaaaaaaaaaaaaaaaaaaaaaaaaaaaaaaaaaaaaaaaaaaaaaaaaaaaaaaaaaaaaaaaaaaaaaaaaaaaaaaaaaaaaaaaaaaaaaaaaaaaaaaaaaaaaaaaaaaaaaaaaaaaaaaaaaaaaaaaaaaaaaaaaaaaaaaaaaaaaaaaaaaaaaaaaaaaaaaaaaaaaaaaaaaaaaaaaaaaaaaaaaaaaaaaaaaaaaaaaaaaaaaaaaaaaaaaaaaaaaaaaaaaaaaaaaaaaaaaaaaaaaaaaaaaaaaaaaaaaaaaaaaaaaaaaaaaaaaaaaaaaaaaaaaaaaaaaaaaaaaaaaaaaaaaaaaaaaaaaaaaaaaaaaaaaaaaaaaaaaaaaaaaaaaaaaaaaaaaaaaaaaaaaaaaaaaaaaaaaaaaaaaaaaaaaaaaaaaaaaaaaaaaaaaaaaaaaaaaaaaaaaaaaaaaaaaaaaaaaaaaaaaaaaaaaaaaaaaaaaaaaaaaaaaaaaaaaaaaaaaaaaaaaaaaaaaaaaaaaaaaaaaaaaaaaaaaaaaaaaaaaaaaaaaaaaaaaaaaaaaaaaaaaaaaaaaaaaaaaaaaaaaaaaaaaaaaaaaaaaaaaaaaaaaaaaaaaaaaaaaaaaaaaaaaaaaaaaaaaaaaaaaaaaaaaaaaaaaaaaaaaaaaaaaaaaaaaaaaaaaaaaaaaaaaaaaaaaaaaaaaaaaaaaaaaaaaaaaaaaaaaaaaaaaaaaaaaaaaaaaaaaaaaaaaaaaaaaaaaaaaaaaaaaaaaaaaaaaaaaaaaaaaaaaaaaaaaaaaaaaaaaaaaaaaaaaaaaaaaaaaaaaaaaaaaaaaaaaaaaaaaaaaaaaaaaaaaaaaaaaaaaaaaaaaaaaaaaaaaaaaaaaaaaaaaaaaaaaaaaaaaaaaaaaaaaaaaaaaaaaaaaaaaaaaaaaaaaaaaaaaaaaaaaaaaaaaaaaaaaaaaaaaaaaaaaaaaaaaaaaaaaaaaaaaaaaaaaaaaaaaaaaaaaaaaaaaaaaaaaaaaaaaaaaaaaaaaaaaaaaaaaaaaaaaaaaaaaaaaaaaaaaaaaaaaaaaaaaaaaaaaaaaaaaaaaaaaaaaaaaaaaaaaaaaaaaaaaaaaaaaaaaaaaaaaaaaaaaaaaaaaaaaaaaaaaaaaaaaaaaaaaaaaaaaaaaaaaaaaaaaaaaaaaaaaaaaaaaaaaaaaaaaaaaaaaaaaaaaaaaaaaaaaaaaaaaaaaaaaaaaaaaaaaaaaaaaaaaaaaaaaaaaaaaaaaaaaaaaaaaaaaaaaaaaaaaaaaaaaaaaaaaaaaaaaaaaaaaaaaaaaaaaaaaaaaaaaaaaaaaaaaaaaaaaaaaaaaaaaaaaaaaaaaaaaaaaaaaaaaaaaaaaaaaaaaaaaaaaaaaaaaaaaaaaaaaaaaaaaaaaaaaaaaaaaaaaaaaaaaaaaaaaaaaaaaaaaaaaaaaaaaaaaaaaaaaaaaaaaaaaaaaaaaaaaaaaaaaaaaaaaaaaaaaaaaaaaaaaaaaaaaaaaaaaaaaaaaaaaaaaaaaaaaaaaaaaaaaaaaaaaaaaaaaaaaaaaaaaaaaaaaaaaaaaaaaaaaaaaaaaaaaaaaaaaaaaaaaaaaaaaaaaaaaaaaaaaaaaaaaaaaaaaaaaaaaaaaaaaaaaaaaaaaaaaaaaaaaaaaaaaaaaaaaaaaaaaaaaaaaaaaaaaaaaaaaaaaaaaaaaaaaaaaaaaaaaaaaaaaaaaaaaaaaaaaaaaaaaaaaaaaaaaaaaaaaaaaaaaaaaaaaaaaaaaaaaaaaaaaaaaaaaaaaaaaaaaaaaaaaaaaaaaaaaaaaaaaaaaaaaaaaaaaaaaaaaaaaaaaaaaaaaaaaaaaaaaaaaaaaaaaaaaaaaaaaaaaaaaaaaaaaaaaaaaaaaaaaaaaaaaaaaaaaaaaaaaaaaaaaaaaaaaaaaaaaaaaaaaaaaaaaaaaaaaaaaaaaaaaaaaaaaaaaaaaaaaaaaaaaaaaaaaaaaaaaaaaaaaaaaaaaaaaaaaaaaaaaaaaaaaaaaaaaaaaaaaaaaaaaaaaaaaaaaaaaaaaaaaaaaaaaaaaaaaaaaaaaaaaaaaaaaaaaaaaaaaaaaaaaaaaaaaaaaaaaaaaaaaaaaaaaaaaaaaaaaaaaaaaaaaaaaaaaaaaaaaaaaaaaaaaaaaaaaaaaaaaaaaaaaaaaaaaaaaaaaaaaaaaaaaaaaaaaaaaaaaaaaaaaaaaaaaaaaaaaaaaaaaaaaaaaaaaaaaaaaaaaaaaaaaaaaaaaaaaaaaaaaaaaaaaaaaaaaaaaaaaaaaaaaaaaaaaaaaaaaaaaaaaaaaaaaaaaaaaaaaaaaaaaaaaaaaaaaaaaaaaaaaaaaaaaaaaaaaaaaaaaaaaaaaaaaaaaaaaaaaaaaaaaaaaaaaaaaaaaaaaaaaaaaaaaaaaaaaaaaaaaaaaaaaaaaaaaaaaaaaaaaaaaaaaaaaaaaaaaaaaaaaaaaaaaaaaaaaaaaaaaaaaaaaaaaaaaaaaaaaaaaaaaaaaaaaaaaaaaaaaaaaaaaaaaaaaaaaaaaaaaaaaaaaaaaaaaaaaaaaaaaaaaaaaaaaaaaaaaaaaaaaaaaaaaaaaaaaaaaaaaaaaaaaaaaaaaaaaaaaaaaaaaaaaaaaaaaaaaaaaaaaaaaaaaaaaaaaaaaaaaaaaaaaaaaaaaaaaaaaaaaaaaaaaaaaaaaaaaaaaaaaaaaaaaaaaaaaaaaaaaaaaaaaaaaaaaaaaaaaaaaaaaaaaaaaaaaaaaaaaaaaaaaaaaaaaaaaaaaaaaaaaaaaaaaaaaaaaaaaaaaaaaaaaaaaaaaaaaaaaaaaaaaaaaaaaaaaaaaaaaaaaaaaaaaaaaaaaaaaaaaaaaaaaaaaaaaaaaaaaaaaaaaaaaaaaaaaaaaaaaaaaaaaaaaaaaaaaaaaaaaaaaaaaaaaaaaaaaaaaaaaaaaaaaaaaaaaaaaaaaaaaaaaaaaaaaaaaaaaaaaaaaaaaaaaaaaaaaaaaaaaaaaaaaaaaaaaaaaaaaaaaaaaaaaaaaaaaaaaaaaaaaaaaaaaaaaaaaaaaaaaaaaaaaaaaaaaaaaaaaaaaaaaaaaaaaaaaaaaaaaaaaaaaaaaaaaaaaaaaaaaaaaaaaaaaaaaaaaaaaaaaaaaaaaaaaaaaaaaaaaaaaaaaaaaaaaaaaaaaaaaaaaaaaaaaaaaaaaaaaaaaaaaaaaaaaaaaaaaaaaaaaaaaaaaaaaaaaaaaaaaaaaaaaaaaaaaaaaaaaaaaaaaaaaaaaaaaaaaaaaaaaaaaaaaaaaaaaaaaaaaaaaaaaaaaaaaaaaaaaaaaaaaaaaaaaaaaaaaaaaaaaaaaaaaaaaaaaaaaaaaaaaaaaaaaaaaaaaaaaaaaaaaaaaaaaaaaaaaaaaaaaaaaaaaaaaaaaaaaaaaaaaaaaaaaaaaaaaaaaaaaaaaaaaaaaaaaaaaaaaaaaaaaaaaaaaaaaaaaaaaaaaaaaaaaaaaaaaaaaaaaaaaaaaaaaaaaaaaaaaaaaaaaaaaaaaaaaaaaaaaaaaaaaaaaaaaaaaaaaaaaaaaaaaaaaaaaaaaaaaaaaaaaaaaaaaaaaaaaaaaaaaaaaaaaaaaaaaaaaaaaaaaaaaaaaaaaaaaaaaaaaaaaaaaaaaaaaaaaaaaaaaaaaaaaaaaaaaaaaaaaaaaaaaaaaaaaaaaaaaaaaaaaaaaaaaaaaaaaaaaaaaaaaaaaaaaaaaaaaaaaaaaaaaaaaaaaaaaaaaaaaaaaaaaaaaaaaaaaaaaaaaaaaaaaaaaaaaaaaaaaaaaaaaaaaaaaaaaaaaaaaaaaaaaaaaaaaaaaaaaaaaaaaaaaaaaaaaaaaaaaaaaaaaaaaaaaaaaaaaaaaaaaaaaaaaaaaaaaaaaaaaaaaaaaaaaaaaaaaaaaaaaaaaaaaaaaaaaaaaaaaaaaaaaaaaaaaaaaaaaaaaaaaaaaaaaaaaaaaaaaaaaaaaaaaaaaaaaaaaaaaaaaaaaaaaaaaaaaaaaaaaaaaaaaaaaaaaaaaaaaaaaaaaaaaaaaaaaaaaaaaaaaaaaaaaaaaaaaaaaaaaaaaaaaaaaaaaaaaaaaaaaaaaaaaaaaaaaaaaaaaaaaaaaaaaaaaaaaaaaaaaaaaaaaaaaaaaaaaaaaaaaaaaaaaaaaaaaaaaaaaaaaaaaaaaaaaaaaaaaaaaaaaaaaaaaaaaaaaaaaaaaaaaaaaaaaaaaaaaaaaaaaaaaaaaaaaaaaaaaaaaaaaaaaaaaaaaaaaaaaaaaaaaaaaaaaaaaaaaaaaaaaaaaaaaaaaaaaaaaaaaaaaaaaaaaaaaaaaaaaaaaaaaaaaaaaaaaaaaaaaaaaaaaaaaaaaaaaaaaaaaaaaaaaaaaaaaaaaaaaaaaaaaaaaaaaaaaaaaaaaaaaaaaaaaaaaaaaaaaaaaaaaaaaaaaaaaaaaaaaaaaaaaaaaaaaaaaaaaaaaaaaaaaaaaaaaaaaaaaaaaaaaaaaaaaaaaaaaaaaaaaaaaaaaaaaaaaaaaaaaaaaaaaaaaaaaaaaaaaaaaaaaaaaaaaaaaaaaaaaaaaaaaaaaaaaaaaaaaaaaaaaaaaaaaaaaaaaaaaaaaaaaaaaaaaaaaaaaaaaaaaaaaaaaaaaaaaaaaaaaaaaaaaaaaaaaaaaaaaaaaaaaaaaaaaaaaaaaaaaaaaaaaaaaaaaaaaaaaaaaaaaaaaaaaaaaaaaaaaaaaaaaaaaaaaaaaaaaaaaaaaaaaaaaaaaaaaaaaaaaaaaaaaaaaaaaaaaaaaaaaaaaaaaaaaaaaaaaaaaaaaaaaaaaaaaaaaaaaaaaaaaaaaaaaaaaaaaaaaaaaaaaaaaaaaaaaaaaaaaaaaaaaaaaaaaaaaaaaaaaaaaaaaaaaaaaaaaaaaaaaaaaaaaaaaaaaaaaaaaaaaaaaaaaaaaaaaaaaaaaaaaaaaaaaaaaaaaaaaaaaaaaaaaaaaaaaaaaaaaaaaaaaaaaaaaaaaaaaaaaaaaaaaaaaaaaaaaaaaaaaaaaaaaaaaaaaaaaaaaaaaaaaaaaaaaaaaaaaaaaaaaaaaaaaaaaaaaaaaaaaaaaaaaaaaaaaaaaaaaaaaaaaaaaaaaaaaaaaaaaaaaaaaaaaaaaaaaaaaaaaaaaaaaaaaaaaaaaaaaaaaaaaaaaaaaaaaaaaaaaaaaaaaaaaaaaaaaaaaaaaaaaaaaaaaaaaaaaaaaaaaaaaaaaaaaaaaaaaaaaaaaaaaaaaaaaaaaaaaaaaaaaaaaaaaaaaaaaaaaaaaaaaaaaaaaaaaaaaaaaaaaaaaaaaaaaaaaaaaaaaaaaaaaaaaaaaaaaaaaaaaaaaaaaaaaaaaaaaaaaaaaaaaaaaaaaaaaaaaaaaaaaaaaaaaaaaaaaaaaaaaaaaaaaaaaaaaaaaaaaaaaaaaaaaaaaaaaaaaaaaaaaaaaaaaaaaaaaaaaaaaaaaaaaaaaaaaaaaaaaaaaaaaaaaaaaaaaaaaaaaaaaaaaaaaaaaaaaaaaaaaaaaaaaaaaaaaaaaaaaaaaaaaaaaaaaaaaaaaaaaaaaaaaaaaaaaaaaaaaaaaaaaaaaaaaaaaaaaaaaaaaaaaaaaaaaaaaaaaaaaaaaaaaaaaaaaaaaaaaaaaaaaaaaaaaaaaaaaaaaaaaaaaaaaaaaaaaaaaaaaaaaaaaaaaaaaaaaaaaaaaaaaaaaaaaaaaaaaaaaaaaaaaaaaaaaaaaaaaaaaaaaaaaaaaaaaaaaaaaaaaaaaaaaaaaaaaaaaaaaaaaaaaaaaaaaaaaaaaaaaaaaaaaaaaaaaaaaaaaaaaaaaaaaaaaaaaaaaaaaaaaaaaaaaaaaaaaaaaaaaaaaaaaaaaaaaaaaaaaaaaaaaaaaaaaaaaaaaaaaaaaaaaaaaaaaaaaaaaaaaaaaaaaaaaaaaaaaaaaaaaaaaaaaaaaaaaaaaaaaaaaaaaaaaaaaaaaaaaaaaaaaaaaaaaaaaaaaaaaaaaaaaaaaaaaaaaaaaaaaaaaaaaaaaaaaaaaaaaaaaaaaaaaaaaaaaaaaaaaaaaaaaaaaaaaaaaaaaaaaaaaaaaaaaaaaaaaaaaaaaaaaaaaaaaaaaaaaaaaaaaaaaaaaaaaaaaaaaaaaaaaaaaaaaaaaaaaaaaaaaaaaaaaaaaaaaaaaaaaaaaaaaaaaaaaaaaaaaaaaaaaaaaaaaaaaaaaaaaaaaaaaaaaaaaaaaaaaaaaaaaaaaaaaaaaaaaaaaaaaaaaaaaaaaaaaaaaaaaaaaaaaaaaaaaaaaaaaaaaaaaaaaaaaaaaaaaaaaaaaaaaaaaaaaaaaaaaaaaaaaaaaaaaaaaaaaaaaaaaaaaaaaaaaaaaaaaaaaaaaaaaaaaaaaaaaaaaaaaaaaaaaaaaaaaaaaaa','aaaaaaaaaaaaaaaaaaaaaaaaaaaaaaaaaaaaaaaaaaaaaaaaaaaaaaaaaaaaaaaaaaaaaaaaaaaaaaaaaaaaaaaaaaaaaaaaaaaaaaaaaaaaaaaaaaaaaaaaaaaaaaaaaaaaaaaaaaaaaaaaaaaaaaaaaaaaaaaaaaaaaaaaaaaaaaaaaaaaaaaaaaaaaaaaaaaaaaaaaaaaaaaaaaaaaaaaaaaaaaaaaaaaaaaaaaaaaaaaaaaaaaaaaaaaaaaaaaaaaaaaaaaaaaaaaaaaaaaaaaaaaaaaaaaaaaaaaaaaaaaaaaaaaaaaaaaaaaaaaaaaaaaaaaaaaaaaaaaaaaaaaaaaaaaaaaaaaaaaaaaaaaaaaaaaaaaaaaaaaaaaaaaaaaaaaaaaaaaaaaaaaaaaaaaaaaaaaaaaaaaaaaaaaaaaaaaaaaaaaaaaaaaaaaaaaaaaaaaaaaaaaaaaaaaaaaaaaaaaaaaaaaaaaaaaaaaaaaaaaaaaaaaaaaaaaaaaaaaaaaaaaaaaaaaaaaaaaaaaaaaaaaaaaaaaaaaaaaaaaaaaaaaaaaaaaaaaaaaaaaaaaaaaaaaaaaaaaaaaaaaaaaaaaaaaaaaaaaaaaaaaaaaaaaaaaaaaaaaaaaaaaaaaaaaaaaaaaaaaaaaaaaaaaaaaaaaaaaaaaaaaaaaaaaaaaaaaaaaaaaaaaaaaaaaaaaaaaaaaaaaaaaaaaaaaaaaaaaaaaaaaaaaaaaaaaaaaaaaaaaaaaaaaaaaaaaaaaaaaaaaaaaaaaaaaaaaaaaaaaaaaaaaaaaaaaaaaaaaaaaaaaaaaaaaaaaaaaaaaaaaaaaaaaaaaaaaaaaaaaaaaaaaaaaaaaaaaaaaaaaaaaaaaaaaaaaaaaaaaaaaaaaaaaaaaaaaaaaaaaaaaaaaaaaaaaaaaaaaaaaaaaaaaaaaaaaaaaaaaaaaaaaaaaaaaaaaaaaaaaaaaaaaaaaaaaaaaaaaaaaaaaaaaaaaaaaaaaaaaaaaaaaaaaaaaaaaaaaaaaaaaaaaaaaaaaaaaaaaaaaaaaaaaaaaaaaaaaaaaaaaaaaaaaaaaaaaaaaaaaaaaaaaaaaaaaaaaaaaaaaaaaaaaaaaaaaaaaaaaaaaaaaaaaaaaaaaaaaaaaaaaaaaaaaaaaaaaaaaaaaaaaaaaaaaaaaaaaaaaaaaaaaaaaaaaaaaaaaaaaaaaaaaaaaaaaaaaaaaaaaaaaaaaaaaaaaaaaaaaaaaaaaaaaaaaaaaaaaaaaaaaaaaaaaaaaaaaaaaaaaaaaaaaaaaaaaaaaaaaaaaaaaaaaaaaaaaaaaaaaaaaaaaaaaaaaaaaaaaaaaaaaaaaaaaaaaaaaaaaaaaaaaaaaaaaaaaaaaaaaaaaaaaaaaaaaaaaaaaaaaaaaaaaaaaaaaaaaaaaaaaaaaaaaaaaaaaaaaaaaaaaaaaaaaaaaaaaaaaaaaaaaaaaaaaaaaaaaaaaaaaaaaaaaaaaaaaaaaaaaaaaaaaaaaaaaaaaaaaaaaaaaaaaaaaaaaaaaaaaaaaaaaaaaaaaaaaaaaaaaaaaaaaaaaaaaaaaaaaaaaaaaaaaaaaaaaaaaaaaaaaaaaaaaaaaaaaaaaaaaaaaaaaaaaaaaaaaaaaaaaaaaaaaaaaaaaaaaaaaaaaaaaaaaaaaaaaaaaaaaaaaaaaaaaaaaaaaaaaaaaaaaaaaaaaaaaaaaaaaaaaaaaaaaaaaaaaaaaaaaaaaaaaaaaaaaaaaaaaaaaaaaaaaaaaaaaaaaaaaaaaaaaaaaaaaaaaaaaaaaaaaaaaaaaaaaaaaaaaaaaaaaaaaaaaaaaaaaaaaaaaaaaaaaaaaaaaaaaaaaaaaaaaaaaaaaaaaaaaaaaaaaaaaaaaaaaaaaaaaaaaaaaaaaaaaaaaaaaaaaaaaaaaaaaaaaaaaaaaaaaaaaaaaaaaaaaaaaaaaaaaaaaaaaaaaaaaaaaaaaaaaaaaaaaaaaaaaaaaaaaaaaaaaaaaaaaaaaaaaaaaaaaaaaaaaaaaaaaaaaaaaaaaaaaaaaaaaaaaaaaaaaaaaaaaaaaaaaaaaaaaaaaaaaaaaaaaaaaaaaaaaaaaaaaaaaaaaaaaaaaaaaaaaaaaaaaaaaaaaaaaaaaaaaaaaaaaaaaaaaaaaaaaaaaaaaaaaaaaaaaaaaaaaaaaaaaaaaaaaaaaaaaaaaaaaaaaaaaaaaaaaaaaaaaaaaaaaaaaaaaaaaaaaaaaaaaaaaaaaaaaaaaaaaaaaaaaaaaaaaaaaaaaaaaaaaaaaaaaaaaaaaaaaaaaaaaaaaaaaaaaaaaaaaaaaaaaaaaaaaaaaaaaaaaaaaaaaaaaaaaaaaaaaaaaaaaaaaaaaaaaaaaaaaaaaaaaaaaaaaaaaaaaaaaaaaaaaaaaaaaaaaaaaaaaaaaaaaaaaaaaaaaaaaaaaaaaaaaaaaaaaaaaaaaaaaaaaaaaaaaaaaaaaaaaaaaaaaaaaaaaaaaaaaaaaaaaaaaaaaaaaaaaaaaaaaaaaaaaaaaaaaaaaaaaaaaaaaaaaaaaaaaaaaaaaaaaaaaaaaaaaaaaaaaaaaaaaaaaaaaaaaaaaaaaaaaaaaaaaaaaaaaaaaaaaaaaaaaaaaaaaaaaaaaaaaaaaaaaaaaaaaaaaaaaaaaaaaaaaaaaaaaaaaaaaaaaaaaaaaaaaaaaaaaaaaaaaaaaaaaaaaaaaaaaaaaaaaaaaaaaaaaaaaaaaaaaaaaaaaaaaaaaaaaaaaaaaaaaaaaaaaaaaaaaaaaaaaaaaaaaaaaaaaaaaaaaaaaaaaaaaaaaaaaaaaaaaaaaaaaaaaaaaaaaaaaaaaaaaaaaaaaaaaaaaaaaaaaaaaaaaaaaaaaaaaaaaaaaaaaaaaaaaaaaaaaaaaaaaaaaaaaaaaaaaaaaaaaaaaaaaaaaaaaaaaaaaaaaaaaaaaaaaaaaaaaaaaaaaaaaaaaaaaaaaaaaaaaaaaaaaaaaaaaaaaaaaaaaaaaaaaaaaaaaaaaaaaaaaaaaaaaaaaaaaaaaaaaaaaaaaaaaaaaaaaaaaaaaaaaaaaaaaaaaaaaaaaaaaaaaaaaaaaaaaaaaaaaaaaaaaaaaaaaaaaaaaaaaaaaaaaaaaaaaaaaaaaaaaaaaaaaaaaaaaaaaaaaaaaaaaaaaaaaaaaaaaaaaaaaaaaaaaaaaaaaaaaaaaaaaaaaaaaaaaaaaaaaaaaaaaaaaaaaaaaaaaaaaaaaaaaaaaaaaaaaaaaaaaaaaaaaaaaaaaaaaaaaaaaaaaaaaaaaaaaaaaaaaaaaaaaaaaaaaaaaaaaaaaaaaaaaaaaaaaaaaaaaaaaaaaaaaaaaaaaaaaaaaaaaaaaaaaaaaaaaaaaaaaaaaaaaaaaaaaaaaaaaaaaaaaaaaaaaaaaaaaaaaaaaaaaaaaaaaaaaaaaaaaaaaaaaaaaaaaaaaaaaaaaaaaaaaaaaaaaaaaaaaaaaaaaaaaaaaaaaaaaaaaaaaaaaaaaaaaaaaaaaaaaaaaaaaaaaaaaaaaaaaaaaaaaaaaaaaaaaaaaaaaaaaaaaaaaaaaaaaaaaaaaaaaaaaaaaaaaaaaaaaaaaaaaaaaaaaaaaaaaaaaaaaaaaaaaaaaaaaaaaaaaaaaaaaaaaaaaaaaaaaaaaaaaaaaaaaaaaaaaaaaaaaaaaaaaaaaaaaaaaaaaaaaaaaaaaaaaaaaaaaaaaaaaaaaaaaaaaaaaaaaaaaaaaaaaaaaaaaaaaaaaaaaaaaaaaaaaaaaaaaaaaaaaaaaaaaaaaaaaaaaaaaaaaaaaaaaaaaaaaaaaaaaaaaaaaaaaaaaaaaaaaaaaaaaaaaaaaaaaaaaaaaaaaaaaaaaaaaaaaaaaaaaaaaaaaaaaaaaaaaaaaaaaaaaaaaaaaaaaaaaaaaaaaaaaaaaaaaaaaaaaaaaaaaaaaaaaaaaaaaaaaaaaaaaaaaaaaaaaaaaaaaaaaaaaaaaaaaaaaaaaaaaaaaaaaaaaaaaaaaaaaaaaaaaaaaaaaaaaaaaaaaaaaaaaaaaaaaaaaaaaaaaaaaaaaaaaaaaaaaaaaaaaaaaaaaaaaaaaaaaaaaaaaaaaaaaaaaaaaaaaaaaaaaaaaaaaaaaaaaaaaaaaaaaaaaaaaaaaaaaaaaaaaaaaaaaaaaaaaaaaaaaaaaaaaaaaaaaaaaaaaaaaaaaaaaaaaaaaaaaaaaaaaaaaaaaaaaaaaaaaaaaaaaaaaaaaaaaaaaaaaaaaaaaaaaaaaaaaaaaaaaaaaaaaaaaaaaaaaaaaaaaaaaaaaaaaaaaaaaaaaaaaaaaaaaaaaaaaaaaaaaaaaaaaaaaaaaaaaaaaaaaaaaaaaaaaaaaaaaaaaaaaaaaaaaaaaaaaaaaaaaaaaaaaaaaaaaaaaaaaaaaaaaaaaaaaaaaaaaaaaaaaaaaaaaaaaaaaaaaaaaaaaaaaaaaaaaaaaaaaaaaaaaaaaaaaaaaaaaaaaaaaaaaaaaaaaaaaaaaaaaaaaaaaaaaaaaaaaaaaaaaaaaaaaaaaaaaaaaaaaaaaaaaaaaaaaaaaaaaaaaaaaaaaaaaaaaaaaaaaaaaaaaaaaaaaaaaaaaaaaaaaaaaaaaaaaaaaaaaaaaaaaaaaaaaaaaaaaaaaaaaaaaaaaaaaaaaaaaaaaaaaaaaaaaaaaaaaaaaaaaaaaaaaaaaaaaaaaaaaaaaaaaaaaaaaaaaaaaaaaaaaaaaaaaaaaaaaaaaaaaaaaaaaaaaaaaaaaaaaaaaaaaaaaaaaaaaaaaaaaaaaaaaaaaaaaaaaaaaaaaaaaaaaaaaaaaaaaaaaaaaaaaaaaaaaaaaaaaaaaaaaaaaaaaaaaaaaaaaaaaaaaaaaaaaaaaaaaaaaaaaaaaaaaaaaaaaaaaaaaaaaaaaaaaaaaaaaaaaaaaaaaaaaaaaaaaaaaaaaaaaaaaaaaaaaaaaaaaaaaaaaaaaaaaaaaaaaaaaaaaaaaaaaaaaaaaaaaaaaaaaaaaaaaaaaaaaaaaaaaaaaaaaaaaaaaaaaaaaaaaaaaaaaaaaaaaaaaaaaaaaaaaaaaaaaaaaaaaaaaaaaaaaaaaaaaaaaaaaaaaaaaaaaaaaaaaaaaaaaaaaaaaaaaaaaaaaaaaaaaaaaaaaaaaaaaaaaaaaaaaaaaaaaaaaaaaaaaaaaaaaaaaaaaaaaaaaaaaaaaaaaaaaaaaaaaaaaaaaaaaaaaaaaaaaaaaaaaaaaaaaaaaaaaaaaaaaaaaaaaaaaaaaaaaaaaaaaaaaaaaaaaaaaaaaaaaaaaaaaaaaaaaaaaaaaaaaaaaaaaaaaaaaaaaaaaaaaaaaaaaaaaaaaaaaaaaaaaaaaaaaaaaaaaaaaaaaaaaaaaaaaaaaaaaaaaaaaaaaaaaaaaaaaaaaaaaaaaaaaaaaaaaaaaaaaaaaaaaaaaaaaaaaaaaaaaaaaaaaaaaaaaaaaaaaaaaaaaaaaaaaaaaaaaaaaaaaaaaaaaaaaaaaaaaaaaaaaaaaaaaaaaaaaaaaaaaaaaaaaaaaaaaaaaaaaaaaaaaaaaaaaaaaaaaaaaaaaaaaaaaaaaaaaaaaaaaaaaaaaaaaaaaaaaaaaaaaaaaaaaaaaaaaaaaaaaaaaaaaaaaaaaaaaaaaaaaaaaaaaaaaaaaaaaaaaaaaaaaaaaaaaaaaaaaaaaaaaaaaaaaaaaaaaaaaaaaaaaaaaaaaaaaaaaaaaaaaaaaaaaaaaaaaaaaaaaaaaaaaaaaaaaaaaaaaaaaaaaaaaaaaaaaaaaaaaaaaaaaaaaaaaaaaaaaaaaaaaaaaaaaaaaaaaaaaaaaaaaaaaaaaaaaaaaaaaaaaaaaaaaaaaaaaaaaaaaaaaaaaaaaaaaaaaaaaaaaaaaaaaaaaaaaaaaaaaaaaaaaaaaaaaaaaaaaaaaaaaaaaaaaaaaaaaaaaaaaaaaaaaaaaaaaaaaaaaaaaaaaaaaaaaaaaaaaaaaaaaaaaaaaaaaaaaaaaaaaaaaaaaaaaaaaaaaaaaaaaaaaaaaaaaaaaaaaaaaaaaaaaaaaaaaaaaaaaaaaaaaaaaaaaaaaaaaaaaaaaaaaaaaaaaaaaaaaaaaaaaaaaaaaaaaaaaaaaaaaaaaaaaaaaaaaaaaaaaaaaaaaaaaaaaaaaaaaaaaaaaaaaaaaaaaaaaaaaaaaaaaaaaaaaaaaaaaaaaaaaaaaaaaaaaaaaaaaaaaaaaaaaaaaaaaaaaaaaaaaaaaaaaaaaaaaaaaaaaaaaaaaaaaaaaaaaaaaaaaaaaaaaaaaaaaaaaaaaaaaaaaaaaaaaaaaaaaaaaaaaaaaaaaaaaaaaaaaaaaaaaaaaaaaaaaaaaaaaaaaaaaaaaaaaaaaaaaaaaaaaaaaaaaaaaaaaaaaaaaaaaaaa',0,'2026-01-23 04:58:41','2026-01-23 05:07:59','delete'),(47,17,'あｓｄｌｋｆじゃｓｄあkl；ンkぁdflkdさjk；lfdsjk；lfだjlfdjklfdさjかjkfdさあ；qkぁjdファ；lfじゃ；lfj化；slfdjkじゃd；lsfじゃsd；flじゃksf；亜lskfじゃ；slkfジェイwンfdjkh２９p３８お恵右r９４２８２５７いぇういfkdsbvンl８ふぉ３２位yrhぴ３いぇhrふぉいskdjンfmp２９位ｌうぇあｋｈんｆぉぽｋぁふぃお４いしねいしでぃｓｄじｓｄｆじおｌｊしいくしあかういｓｓくいくおいｓｄしｄｊぢｓじあいあおそおおおおおおおおおおおおおおおき','けした','そｄｌｚｋｈｆ','そｄｆｈｋ；ｌｆ、','ｋｄｋｄ',0,'2026-01-23 05:09:18','2026-01-23 05:17:58','delete'),(48,17,'ｓｄｋｊｇｈ','ｓｓｆ','ｓｃｖ','ｘｖ','ｓｄｖ',0,'2026-01-23 05:18:38','2026-01-23 05:19:02','delete'),(49,17,'変数が未定義だった','print(hello)','NameError: name \'hello\' is not defined','print(\"hello\")','hello',0,'2026-01-23 05:23:14','2026-01-27 01:49:28','step'),(50,19,'help','help','help',NULL,NULL,0,'2026-01-26 01:23:32','2026-01-29 02:21:20','delete'),(51,19,'help','help','help','help','help',0,'2026-01-26 01:27:25','2026-01-30 01:01:42','delete'),(52,19,'ファイルが見つかりません','PY-001','FileNotFoundError: [Errno 2] No such file or directory: \'data/input.csv\'',NULL,NULL,0,'2026-01-26 01:30:09','2026-02-02 04:52:15','delete'),(53,19,'存在しない変数を参照しています','PY-002','NameError: name \'total_count\' is not defined',NULL,NULL,0,'2026-01-26 01:46:55','2026-01-26 01:46:55','help'),(54,18,'help','help','help','sa','sa',0,'2026-01-26 01:58:30','2026-01-30 01:02:09','delete'),(55,16,'input、ifによる得点合否システム','# 得点の入力\r\nscore=int(input(\'0～100 までの得点（整数値）を入力してください>>\'))\r\n\r\n# 分岐\r\nif score < 60:\r\n    print(\'合格です\')\r\nelse:\r\n    print(\'不合格です\')','0～100 までの得点（整数値）を入力してください>>90\r\n不合格です','# 得点の入力\r\nscore=int(input(\'0～100 までの得点（整数値）を入力してください>>\'))\r\n\r\n# 分岐\r\nif score > 60:\r\n    print(\'合格です\')\r\nelse:\r\n    print(\'不合格です\')','0～100 までの得点（整数値）を入力してください>>90\r\n合格です',0,'2026-01-26 02:12:54','2026-02-06 05:15:29','delete'),(56,19,'辞書に存在しないキーです','PY-003','KeyError: \'user_id\'',NULL,NULL,0,'2026-01-26 02:27:29','2026-01-26 02:27:29','help'),(57,18,'yamaoばか','help','help','kokoo','hjhjhh',0,'2026-01-26 02:40:59','2026-01-30 01:02:04','delete'),(58,19,'データベース接続にしっぱいしました','PY-L01','Traceback (most recent call last):\r\n  File \"/app/main.py\", line 42, in <module>\r\n    conn = connect_db()\r\n  File \"/app/db.py\", line 18, in connect_db\r\n    return pymysql.connect(\r\n  File \"/usr/local/lib/python3.9/site-packages/pymysql/connections.py\", line 365, in __init__\r\n    self.connect()\r\n  File \"/usr/local/lib/python3.9/site-packages/pymysql/connections.py\", line 682, in connect\r\n    raise exc\r\npymysql.err.OperationalError: (2003, \"Can\'t connect to MySQL server on \'db\' (111)\")',NULL,NULL,0,'2026-01-26 02:54:09','2026-01-30 01:56:19','delete'),(59,19,'CSVファイルの形式が正しくありません','>>> pandas.errors.ParserError: Expected 4 fields in line 12, saw 6','Traceback (most recent call last):\r\n  File \"load_data.py\", line 12, in <module>\r\n    df = pd.read_csv(\"data/sample.csv\")\r\n  File \"/usr/local/lib/python3.9/site-packages/pandas/io/parsers/readers.py\", line 950, in read_csv\r\n    return _read(filepath_or_buffer, kwds)\r\npandas.errors.ParserError: Error tokenizing data. C error: Expected 4 fields in line 12, saw 6',NULL,NULL,0,'2026-01-26 03:13:34','2026-01-30 01:56:14','delete'),(60,18,'お試しセット','エラーコードちゃんとできてる？','エビデンス！','jjjjjj','11111',0,'2026-01-26 05:33:08','2026-01-30 01:01:59','delete'),(61,19,'取得データがNoneです','>>> AttributeError: \'NoneType\' object has no attribute \'get\'','Traceback (most recent call last):\r\n  File \"service.py\", line 33, in run\r\n    name = user.get(\"name\")\r\n>>> AttributeError: \'NoneType\' object has no attribute \'get\'','def run():\r\n    user = get_user()\r\n\r\n    if user is None:\r\n        print(\"ユーザー情報が取得できませんでした。\")\r\n        return\r\n\r\n    name = user.get(\"name\")\r\n    print(f\"User: {name}\")','User: Tanaka',0,'2026-01-27 00:53:16','2026-01-27 00:53:16','step'),(62,18,'help→step 変換時にタグ登録が重複して IntegrityError で保存できない','# stepカード作成（変換含む）でありがちなダメ実装例\r\n# タグを毎回 new して commit してしまう\r\n\r\ntags = request.form.getlist(\"tags\")  # [\"flask\", \"sqlalchemy\", \"flask\"] みたいに重複し得る\r\n\r\nstep_card = StepCard(\r\n    title=title,\r\n    error_code=error_code,\r\n    fix_code=fix_code,\r\n    error_message=error_message,\r\n    result=result,\r\n    user_id=current_user.user_id,\r\n    status=STATUS_STEP\r\n)\r\n\r\ndb.session.add(step_card)\r\n\r\nfor tag_name in tags:\r\n    tag_name = tag_name.strip()\r\n    if not tag_name:\r\n        continue\r\n\r\n    # ここが地雷：同名タグが既にDBにあるのに毎回作ってる\r\n    tag = Tag(tag_name=tag_name)\r\n    db.session.add(tag)\r\n\r\n    # ここが更に地獄：1ループごとにcommitして例外が起きたら中途半端に残る\r\n    db.session.commit()\r\n\r\n    # さらに：tagが保存できなかったら step_card.tags に到達しない\r\n    step_card.tags.append(tag)\r\n\r\ndb.session.commit()','sqlalchemy.exc.IntegrityError: (sqlite3.IntegrityError) UNIQUE constraint failed: tags.tag_name\r\n[SQL: INSERT INTO tags (tag_name, created_at) VALUES (?, ?)]\r\n[parameters: (\'flask\', \'2026-01-27 12:34:56.789012\')]\r\n\r\nTraceback (most recent call last):\r\n  File \"venv/lib/python3.11/site-packages/sqlalchemy/engine/base.py\", line 1971, in _exec_single_context\r\n    self.dialect.do_execute(\r\n  File \"venv/lib/python3.11/site-packages/sqlalchemy/engine/default.py\", line 941, in do_execute\r\n    cursor.execute(statement, parameters)\r\nsqlite3.IntegrityError: UNIQUE constraint failed: tags.tag_name\r\n\r\nThe above exception was the direct cause of the following exception:\r\n\r\nTraceback (most recent call last):\r\n  File \"app/routes/step.py\", line 148, in create_step_card\r\n    db.session.commit()\r\n  File \"venv/lib/python3.11/site-packages/sqlalchemy/orm/session.py\", line 2032, in commit\r\n    trans.commit(_to_root=True)\r\n  File \"venv/lib/python3.11/site-packages/sqlalchemy/orm/state_changes.py\", line 137, in _go\r\n    ret_value = fn(self, *arg, **kw)\r\n  File \"venv/lib/python3.11/site-packages/sqlalchemy/orm/session.py\", line 1313, in commit\r\n    self._prepare_impl()\r\n  File \"venv/lib/python3.11/site-packages/sqlalchemy/orm/session.py\", line 1288, in _prepare_impl\r\n    self.session.flush()\r\n  File \"venv/lib/python3.11/site-packages/sqlalchemy/orm/session.py\", line 4345, in flush\r\n    self._flush(objects)\r\n  File \"venv/lib/python3.11/site-packages/sqlalchemy/orm/session.py\", line 4480, in _flush\r\n    with util.safe_reraise():\r\n  File \"venv/lib/python3.11/site-packages/sqlalchemy/util/langhelpers.py\", line 146, in __exit__\r\n    raise exc_value.with_traceback(exc_tb)\r\n  File \"venv/lib/python3.11/site-packages/sqlalchemy/orm/session.py\", line 4441, in _flush\r\n    flush_context.execute()\r\n  File \"venv/lib/python3.11/site-packages/sqlalchemy/orm/unitofwork.py\", line 466, in execute\r\n    rec.execute(self)\r\n  File \"venv/lib/python3.11/site-packages/sqlalchemy/orm/unitofwork.py\", line 642, in execute\r\n    util.preloaded.orm_persistence.save_obj(\r\n  File \"venv/lib/python3.11/site-packages/sqlalchemy/orm/persistence.py\", line 93, in save_obj\r\n    _emit_insert_statements(\r\n  File \"venv/lib/python3.11/site-packages/sqlalchemy/orm/persistence.py\", line 1233, in _emit_insert_statements\r\n    result = connection.execute(\r\n  File \"venv/lib/python3.11/site-packages/sqlalchemy/engine/base.py\", line 1419, in execute\r\n    return meth(\r\n  File \"venv/lib/python3.11/site-packages/sqlalchemy/sql/elements.py\", line 526, in _execute_on_connection\r\n    return connection._execute_clauseelement(\r\n  File \"venv/lib/python3.11/site-packages/sqlalchemy/engine/base.py\", line 1641, in _execute_clauseelement\r\n    ret = self._execute_context(\r\n  File \"venv/lib/python3.11/site-packages/sqlalchemy/engine/base.py\", line 1846, in _execute_context\r\n    return self._exec_single_context(\r\n  File \"venv/lib/python3.11/site-packages/sqlalchemy/engine/base.py\", line 1986, in _exec_single_context\r\n    self._handle_dbapi_exception(\r\n  File \"venv/lib/python3.11/site-packages/sqlalchemy/engine/base.py\", line 2355, in _handle_dbapi_exception\r\n    raise sqlalchemy_exception.with_traceback(exc_info[2]) from e\r\n\r\nIntegrityError: 同名のタグ(flask)が既に存在するのに INSERT しようとして失敗しました。\r\n原因の可能性:\r\n- タグを「毎回新規作成」していて既存タグの再利用をしていない\r\n- フォームから同じタグが重複送信されている（例: \"flask\" が2回入る）\r\n- ループ内で commit しているため、途中までDBに反映されて状態が壊れやすい\r\n影響:\r\n- ステップカード自体が保存されない、またはタグだけ増えたりして整合性が崩れる\r\n- help→step の変換時にタグ引き継ぎで高確率で爆発する','修正コード','保存完了',0,'2026-01-27 00:54:33','2026-01-28 03:09:51','delete'),(63,18,'ｋしゅいｈｗ','jhjihdhuie','giuhduiguegisfigui','dbeghbsgfesg','giguigigfeiiesi',0,'2026-01-27 00:55:36','2026-01-30 01:01:54','delete'),(64,18,'uyfigfgisguig','gfegksfge','gifgejgufegui','gigfueigsugfuiesg','gui',0,'2026-01-27 00:55:49','2026-01-30 01:01:48','delete'),(65,18,'frjkjorfjkjjsu','uihuuduiiduhesh','jkhuihduwgiadwgui','uhdsuwdhuahi','gugdwuauiw',0,'2026-01-27 00:56:02','2026-01-30 01:01:43','delete'),(66,17,'未初期化変数を使ってエラーになる','public class Main {\r\n    public static void main(String[] args) {\r\n        int x;\r\n        System.out.println(x);\r\n    }\r\n}','variable x might not have been initialized','public class Main {\r\n    public static void main(String[] args) {\r\n        int x = 10;\r\n        System.out.println(x);\r\n    }\r\n}','10',0,'2026-01-27 01:05:54','2026-01-27 01:49:27','step'),(67,17,'配列の範囲外アクセス','int[] a = {1, 2, 3};\r\nSystem.out.println(a[3]);','ArrayIndexOutOfBoundsException','int[] a = {1, 2, 3};\r\nSystem.out.println(a[2]);','3',0,'2026-01-27 01:06:24','2026-01-27 01:49:26','step'),(68,17,'未定義変数を参照してエラーになる','console.log(x);','ReferenceError: x is not defined','let x = 10;\r\nconsole.log(x);','10',0,'2026-01-27 01:06:59','2026-01-27 01:49:18','step'),(69,17,'関数が定義されていない','hello();','TypeError: hello is not a function','function hello() {\r\n    console.log(\"hello\");\r\n}\r\nhello();','hello',0,'2026-01-27 01:07:28','2026-01-27 01:49:17','step'),(70,17,'null参照でエラーになる','String s = null;\r\nSystem.out.println(s.length());','NullPointerException','String s = \"hello\";\r\nSystem.out.println(s.length());','5',0,'2026-01-27 01:09:04','2026-01-27 01:49:16','step'),(71,17,'数値に変換できない文字列','int x = Integer.parseInt(\"abc\");','NumberFormatException','int x = Integer.parseInt(\"123\");\r\nSystem.out.println(x);','123',0,'2026-01-27 01:09:31','2026-01-27 01:49:15','step'),(72,17,'不正な型キャスト','Object obj = \"hello\";\r\nInteger x = (Integer) obj;','ClassCastException','Object obj = \"hello\";\r\nString s = (String) obj;\r\nSystem.out.println(s);','hello',0,'2026-01-27 01:09:58','2026-01-27 01:49:21','step'),(73,17,'return文が不足している','public static int add(int a, int b) {\r\n    a + b;\r\n}','missing return statement','public static int add(int a, int b) {\r\n    return a + b;\r\n}','（正常にコンパイル・実行される）',0,'2026-01-27 01:10:31','2026-01-27 01:49:13','step'),(74,17,'ファイルが存在しない','FileReader fr = new FileReader(\"test.txt\");','FileNotFoundException','File file = new File(\"test.txt\");\r\nfile.createNewFile();\r\nFileReader fr = new FileReader(file);','（ファイルが作成され、エラーなく実行）',0,'2026-01-27 01:10:58','2026-01-27 01:49:11','step'),(75,17,'存在しないカラムを指定した','SELECT agee FROM users;','Unknown column \'agee\'','SELECT age FROM users;','age\r\n----\r\n20\r\n25',0,'2026-01-27 01:11:38','2026-01-27 01:49:09','step'),(76,19,'APIレスポンスの解析に失敗しました','>>> json.decoder.JSONDecodeError: Expecting value: line 1 column 1 (char 0)','Traceback (most recent call last):\r\n  File \"api_client.py\", line 27, in fetch_data\r\n    data = response.json()\r\n  File \"/usr/local/lib/python3.9/site-packages/requests/models.py\", line 975, in json\r\n    return complexjson.loads(self.text, **kwargs)\r\n>>> json.decoder.JSONDecodeError: Expecting value: line 1 column 1 (char 0)',NULL,NULL,0,'2026-01-27 01:20:54','2026-01-29 01:55:51','delete'),(77,18,'fjhesjfjhyejhey','hidhejfhu','ghggyj','kjhdghhehdgugf','hfrhhfjhm',0,'2026-01-27 01:22:05','2026-01-30 01:01:29','delete'),(78,18,'hdhjejedjshkj','gjjkeuiju','vhgufheguigeg','jhjbehijegug','hgdeg',0,'2026-01-27 01:22:17','2026-01-30 01:01:23','delete'),(79,19,'huhhjhj','jjhjhj','hhjhjhj','hjhjhjh','hjhjh',0,'2026-01-27 01:46:45','2026-01-30 01:01:49','delete'),(80,19,'データベーステーブルが存在しません','>>> django.db.utils.OperationalError: no such table: auth_user','Traceback (most recent call last):\r\n  File \"manage.py\", line 22, in <module>\r\n    execute_from_command_line(sys.argv)\r\n  File \"/usr/local/lib/python3.9/site-packages/django/core/management/__init__.py\", line 442, in execute\r\n    utility.execute()\r\n  File \"/usr/local/lib/python3.9/site-packages/django/core/management/__init__.py\", line 416, in execute\r\n    django.setup()\r\n  File \"/usr/local/lib/python3.9/site-packages/django/__init__.py\", line 24, in setup\r\n    apps.populate(settings.INSTALLED_APPS)\r\n>>> django.db.utils.OperationalError: no such table: auth_user','Operations to perform:\r\n  Apply all migrations: admin, auth, contenttypes, sessions\r\nRunning migrations:\r\n  Applying auth.0001_initial... OK\r\n  Applying contenttypes.0001_initial... OK\r\n  Applying admin.0001_initial... OK','System check identified no issues (0 silenced).\r\nStarting development server at http://127.0.0.1:8000/',0,'2026-01-27 05:25:26','2026-01-28 03:09:46','delete'),(81,19,'kdhgajdsjfjewiajkdskljgadiifojefklsdvkjiaofhkdhgajdsjfjewiajkdskljgadiifojefklsdvkjiaofhkdhgajdsjfjewiajkdskljgadiifojefklsdvkjiaofhkdhgajdsjfjewiajkdskljgadiifojefklsdvkjiaofhkdhgajdsjfjewiajkdskljgadiifojefklsdvkjiaofhkdhgajdsjfjewiajkdskljgadiifojefkls','OK','O>K','O=K','OKOK',0,'2026-01-27 05:26:54','2026-01-27 05:29:22','delete'),(82,16,'電卓機能が使えません','public class Dentaku {\r\n    public static void main(String[] args) {\r\n        int x = 10;\r\n        int y = 5;\r\n        // addクラスのaddメソッドを呼び出し\r\n        System.out.println(Add.add(x,y));\r\n        // subクラスのsubメソッドを呼び出し\r\n        System.out.println(Sub.sub(x,y));\r\n    }\r\n\r\n    \r\n}','PS C:\\Javacode>  & \'C:\\Program Files\\Java\\jdk-23\\bin\\java.exe\' \'-XX:+ShowCodeDetailsInExceptionMessages\' \'-cp\' \'C:\\Users\\k_tada\\AppData\\Roaming\\Code\\User\\workspaceStorage\\0be5fafff0ac055d013957145de12e63\\redhat.java\\jdt_ws\\Javacode_6a43a5e7\\bin\' \'calmain.Dentaku\' \r\nException in thread \"main\" java.lang.Error: Unresolved compilation problems: \r\n        Add cannot be resolved\r\n        Sub cannot be resolved\r\n\r\n        at calmain.Dentaku.main(Dentaku.java:7)',NULL,NULL,0,'2026-01-27 05:50:15','2026-01-29 01:55:14','delete'),(83,18,'help','help','help','sa','sa',0,'2026-01-28 02:23:21','2026-01-30 01:01:17','delete'),(84,38,'タイプエラー','def main():\r\n    data = None\r\n    print(data[\"key\"])\r\n\r\nmain()','TypeError: \'NoneType\' object is not subscriptable',NULL,NULL,0,'2026-01-28 02:37:28','2026-01-29 01:55:08','delete'),(85,38,'辞書登録ミス','def main():\r\n    data = None\r\n    print(data[\"key\"])\r\nmain()','TypeError: \'NoneType\' object is not subscriptable','def main():\r\n    data = {\"key\": \"check\"}\r\n    print(data[\"key\"])\r\nmain()','check',0,'2026-01-28 02:48:04','2026-01-28 03:23:35','delete'),(86,38,'辞書登録ミス','def main():\r\n    data = None\r\n    print(data[\"key\"])\r\nmain()','TypeError: \'NoneType\' object is not subscriptable','def main():\r\n    data = {\"key\": \"check\"}\r\n    print(data[\"key\"])\r\nmain()','check',0,'2026-01-28 03:27:36','2026-01-29 00:41:36','step'),(87,16,'Go言語ってなに？','package main\r\n\r\nimport (\r\n	\"fmt\"\r\n	\"net/http\"\r\n)\r\n\r\nfunc helloHandler(w http.ResponseWriter, r *http.Request) {\r\n	fmt.Fprintln(w, \"Hello from Go server\")\r\n}\r\n\r\nfunc main() {\r\n	http.HandleFunc(\"/\", helloHandler)\r\n	http.ListenAndServe(\":8080\", nil)\r\n}','500エラー',NULL,NULL,0,'2026-01-29 03:35:57','2026-01-29 05:45:40','delete'),(88,18,'help','help','help',NULL,NULL,0,'2026-01-29 03:41:23','2026-01-29 03:41:32','delete'),(89,18,'help','help','help',NULL,NULL,0,'2026-01-29 04:47:28','2026-01-29 04:47:37','delete'),(90,18,'help','help','help',NULL,NULL,0,'2026-01-29 04:49:21','2026-01-29 04:49:32','delete'),(91,18,'l','l','l',NULL,NULL,0,'2026-01-29 04:57:48','2026-01-29 05:12:31','delete'),(92,18,'メニューリンク仮置きで url_for(\'\') が死ぬ件（BuildError）','BuildError\r\nwerkzeug.routing.exceptions.BuildError: Could not build url for endpoint \'\'.\r\nDid you mean \'static\' instead?','url_for() は Flask の「endpoint名」が必要。空文字 \'\' を渡すと、解決できないので BuildError。未実装なら href=\"#\" で仮置きするか、実装済みの endpoint を入れる。','<div class=\"menu-section\">\r\n  <span class=\"menu-title\">全体分析</span>\r\n\r\n  <!-- まだルーティング未実装なら仮置きはこれでOK -->\r\n  <a href=\"#\">・総エラー発生回数</a>\r\n  <a href=\"#\">・エラー種別分布</a>\r\n  <a href=\"#\">・コメント総数</a>\r\n</div>','ページ表示時に BuildError が出なくなり、メニューが仮リンクとして表示される。',0,'2026-01-30 00:57:17','2026-01-30 03:30:31','public'),(93,18,'hie','huiehoi','hiohoie','hioehi','hoioe',0,'2026-01-30 01:00:05','2026-01-30 01:01:02','delete'),(94,19,'データベースに接続できません','>>> pymysql.err.OperationalError: (2003, \"Can\'t connect to MySQL server\")','Traceback (most recent call last):\r\n  File \"db.py\", line 10, in <module>\r\n    conn = pymysql.connect(...)\r\n>>> pymysql.err.OperationalError: (2003, \"Can\'t connect to MySQL server\")','import pymysql\r\n\r\nconn = pymysql.connect(\r\n    host=\"localhost\",\r\n    user=\"root\",\r\n    password=\"password\",\r\n    db=\"test_db\"\r\n)','Database connected successfully.',0,'2026-01-30 01:06:07','2026-01-30 01:06:34','public'),(95,19,'文字列を数値に変換できません','>>> ValueError: invalid literal for int() with base 10: \'abc\'','Traceback (most recent call last):\r\n  File \"calc.py\", line 5, in <module>\r\n    num = int(value)\r\n>>> ValueError: invalid literal for int() with base 10: \'abc\'','value = \"123\"\r\n\r\nif value.isdigit():\r\n    num = int(value)\r\n    print(num)\r\nelse:\r\n    print(\"数値に変換できません\")','123',0,'2026-01-30 01:07:16','2026-01-30 01:07:31','public'),(96,19,'リストの範囲外を参照しています','>>> IndexError: list index out of range','Traceback (most recent call last):\r\n  File \"list.py\", line 4, in <module>\r\n    print(numbers[3])\r\n>>> IndexError: list index out of range','numbers = [10, 20, 30]\r\n\r\nif len(numbers) > 3:\r\n    print(numbers[3])\r\nelse:\r\n    print(\"指定したインデックスは存在しません\")','指定したインデックスは存在しません',0,'2026-01-30 01:21:26','2026-01-30 01:21:53','public'),(97,19,'オブジェクトがnullです','>>> java.lang.NullPointerException','Exception in thread \"main\" java.lang.NullPointerException\r\n    at Main.main(Main.java:5)','String name = null;\r\n\r\nif (name != null) {\r\n    System.out.println(name.length());\r\n} else {\r\n    System.out.println(\"値が存在しません\");\r\n}','値が存在しません',0,'2026-01-30 01:22:36','2026-02-02 05:20:31','step'),(98,19,'定義されていない変数を使用しています','>>> ReferenceError: total is not defined','Uncaught ReferenceError: total is not defined\r\n    at script.js:2','let total = 10;\r\nconsole.log(total);','10',0,'2026-01-30 01:24:28','2026-01-30 05:14:57','step'),(99,19,'指定したファイルが存在しません','>>> FileNotFoundError: [Errno 2] No such file or directory: \'data.txt\'','Traceback (most recent call last):\r\n  File \"file.py\", line 3, in <module>\r\n    open(\"data.txt\")\r\n>>> FileNotFoundError: [Errno 2] No such file or directory: \'data.txt\'','import os\r\n\r\nif os.path.exists(\"data.txt\"):\r\n    with open(\"data.txt\") as f:\r\n        print(f.read())\r\nelse:\r\n    print(\"ファイルが存在しません\")','ファイルが存在しません',0,'2026-01-30 01:27:01','2026-01-30 04:53:00','step'),(100,19,'配列の範囲外を参照しています','>>> java.lang.ArrayIndexOutOfBoundsException: Index 3 out of bounds for length 3','Exception in thread \"main\" java.lang.ArrayIndexOutOfBoundsException: Index 3 out of bounds for length 3\r\n    at Main.main(Main.java:6)','int[] nums = {10, 20, 30};\r\n\r\nif (nums.length > 3) {\r\n    System.out.println(nums[3]);\r\n} else {\r\n    System.out.println(\"そのインデックスは存在しません\");\r\n}','そのインデックスは存在しません',0,'2026-01-30 01:29:17','2026-01-30 04:52:57','step'),(101,19,'存在しない関数を呼び出しています','>>> TypeError: hello is not a function','Uncaught TypeError: hello is not a function\r\n    at script.js:3','function hello() {\r\n  console.log(\"Hello World\");\r\n}\r\n\r\nhello();','Hello World',0,'2026-01-30 01:30:22','2026-01-30 04:52:53','step'),(102,19,'存在しない関数を呼び出しています','>>> TypeError: hello is not a function','Uncaught TypeError: hello is not a function\r\n    at script.js:3','function hello() {\r\n  console.log(\"Hello World\");\r\n}\r\n\r\nhello();','Hello World',0,'2026-01-30 01:30:23','2026-01-30 01:52:51','delete'),(103,19,'指定したファイルが存在しません','>>> FileNotFoundError: [Errno 2] No such file or directory','FileNotFoundError: [Errno 2] No such file or directory: \'data.txt\'',NULL,NULL,0,'2026-01-30 02:50:43','2026-01-30 05:18:15','delete'),(104,19,'None型オブジェクトを参照しています','>>> AttributeError: \'NoneType\' object has no attribute','AttributeError: \'NoneType\' object has no attribute \'get\'',NULL,NULL,0,'2026-01-30 02:51:36','2026-01-30 05:15:16','delete'),(105,19,'オブジェクトがnullです。','>>> java.lang.NullPointerException','Exception in thread \"main\" java.lang.NullPointerException',NULL,NULL,0,'2026-01-30 02:52:13','2026-01-30 05:15:13','delete'),(106,19,'定義されていない変数を使用しています','>>> ReferenceError: xxx is not defined','Uncaught ReferenceError: total is not defined',NULL,NULL,0,'2026-01-30 02:52:53','2026-01-30 05:15:11','delete'),(107,19,'存在しない関数を呼び出しています','>>> TypeError: xxx is not a function','Uncaught TypeError: hello is not a function',NULL,NULL,0,'2026-01-30 02:53:41','2026-01-30 05:15:09','delete'),(108,19,'インデントが正しくありません','>>> IndentationError: expected an indented block','IndentationError: expected an indented block',NULL,NULL,0,'2026-01-30 02:54:31','2026-01-30 05:15:07','delete'),(109,19,'JSONの形式が正しくありません','>>> SyntaxError: Unexpected token in JSON','Uncaught SyntaxError: Unexpected token o in JSON at position 1',NULL,NULL,0,'2026-01-30 02:59:01','2026-01-30 05:15:06','delete'),(110,19,'Flaskアプリが起動しません','>>> ModuleNotFoundError: No module named \'flask\'','Traceback (most recent call last):\r\n  File \"app.py\", line 1, in <module>\r\n    from flask import Flask\r\n>>> ModuleNotFoundError: No module named \'flask\'',NULL,NULL,0,'2026-01-30 03:01:46','2026-01-30 05:08:38','delete'),(111,19,'Javaプログラムが実行できません','>>> Error: Main method not found in class Main','Error: Main method not found in class Main, please define the main method as:\r\n   public static void main(String[] args)',NULL,NULL,0,'2026-01-30 03:02:35','2026-01-30 05:08:30','delete'),(112,19,'ボタンを押すとエラーになる','>>> TypeError: Cannot read properties of null (reading \'addEventListener\')','Uncaught TypeError: Cannot read properties of null (reading \'addEventListener\')\r\n    at script.js:5',NULL,NULL,0,'2026-01-30 03:03:24','2026-01-30 05:06:39','delete'),(113,18,'git push が rejected（fetch first）で拒否される','! [rejected] main -> main (fetch first)\r\nerror: failed to push some refs to \'github.com:xxxx/xxxx.git\'\r\nhint: Updates were rejected because the remote contains work that you do not have locally.','リモート（GitHub）の main に自分のローカルにない更新がある状態で push したから拒否された。先に pull で履歴を取り込んでから push する。','git pull --rebase origin main\r\ngit push origin main','リモートの更新を取り込んだ状態で push でき、main が同期された。',0,'2026-01-30 03:29:27','2026-01-30 05:47:38','public'),(114,18,'RDS(MySQL) 接続で socket.timeout が出て繋がらない','socket.timeout: timed out\r\npymysql.err.OperationalError: (2003, \"Can\'t connect to MySQL server ...\")','コード以前にネットワーク/セキュリティグループの問題で詰む典型。\r\n（例）RDS の SG で 3306 が Cloud9(EC2) の SG から許可されてない、同一VPCじゃない、パブリックアクセス前提で詰んでる等。\r\n上のコードは「待ち時間を短くする」だけで、根治は SG/VPC 設定。',NULL,NULL,0,'2026-01-30 03:32:57','2026-01-30 04:59:29','delete'),(115,18,'hisahhia','hiihih','hihhih',NULL,NULL,0,'2026-01-30 05:09:59','2026-01-30 05:11:22','delete'),(116,18,'sjhfdhsh','hiukdhkggu','guiguiguigui',NULL,NULL,0,'2026-01-30 05:10:08','2026-01-30 05:11:18','delete'),(117,18,'kdowjaojhiohoih','oho','hohio',NULL,NULL,0,'2026-01-30 05:10:16','2026-01-30 05:11:13','delete'),(118,18,'hiheuii','guijdhsjksjkg','ggfbjkesjk',NULL,NULL,0,'2026-01-30 05:14:06','2026-01-30 05:14:36','delete'),(119,18,'hohoguo','guogoguogo','gugggig',NULL,NULL,0,'2026-01-30 05:14:15','2026-01-30 05:14:34','delete'),(120,18,'dsjdeigu','gufdesjbfesjk','defbsjiqbfhewfq',NULL,NULL,0,'2026-01-30 05:14:25','2026-01-30 05:14:32','delete'),(121,18,'テストカード','これはテストです','テストですこれは',NULL,NULL,0,'2026-01-30 05:50:39','2026-02-06 03:36:55','delete'),(122,19,'あ','あ','あ','あ','あ',0,'2026-02-02 01:05:16','2026-02-02 01:05:27','delete'),(123,19,'入力値の型が正しくありません','>>> java.util.InputMismatchException','Exception in thread \"main\" java.util.InputMismatchException\r\n    at java.util.Scanner.throwFor(Scanner.java:864)','Scanner sc = new Scanner(System.in);\r\n\r\nif (sc.hasNextInt()) {\r\n    int num = sc.nextInt();\r\n    System.out.println(num);\r\n} else {\r\n    System.out.println(\"整数を入力してください\");\r\n}','整数を入力してください',0,'2026-02-02 01:08:46','2026-02-02 01:08:46','step'),(124,16,'tasukete','てぃんこてぃんこ','うっぇぇぇぇぇぇぇぇぇえｘｄっぇぇぇぇぇぇぇぇぇえｘｄっぇぇぇぇぇぇぇぇぇえｘｄっぇぇぇぇぇぇぇぇぇえｘｄっぇぇぇぇぇぇぇぇぇえｘｄっぇぇぇぇぇぇぇぇぇえｘｄっぇぇぇぇぇぇぇぇぇえｘｄっぇぇぇぇぇぇぇぇぇえｘｄっぇぇぇぇぇぇぇぇぇえｘｄっぇぇぇぇぇぇぇぇぇえｘｄっぇぇぇぇぇぇぇぇぇえｘｄっぇぇぇぇぇぇぇぇぇえｘｄっぇぇぇぇぇぇぇぇぇえｘｄっぇぇぇぇぇぇぇぇぇえｘｄっぇぇぇぇぇぇぇぇぇえｘｄっぇぇぇぇぇぇぇぇぇえｘｄっぇぇぇぇぇぇぇぇぇえｘｄっぇぇぇぇぇぇぇぇぇえｘｄっぇぇぇぇぇぇぇぇぇえｘｄっぇぇぇぇぇぇぇぇぇえｘｄっぇぇぇぇぇぇぇぇぇえｘｄ',NULL,NULL,0,'2026-02-02 04:58:31','2026-02-02 04:58:43','delete'),(125,16,'点数を入力してもエラーが発生してできません','# 得点の入力\r\nscore=input(\'0～100 までの得点（整数値）を入力してください>>\')\r\n# 分岐\r\nif score > 60:\r\n    print(\'合格です\')\r\nelse:\r\n    print(\'不合格です\')','0～100 までの得点（整数値）を入力してください>>90\r\nTraceback (most recent call last):\r\n  File \"c:\\Users\\k_tada\\OneDrive - ooharastudent\\デスクトップ\\授業科目\\04.Python_1\\演習\\04if文\\5.py\", line 7, in <module>\r\n    if score > 60:\r\n       ^^^^^^^^^^\r\nTypeError: \'>\' not supported between instances of \'str\' and \'int\'','# 得点の入力\r\nscore=int(input(\'0～100 までの得点（整数値）を入力してください>>\'))\r\n# 分岐\r\nif score > 60:\r\n    print(\'合格です\')\r\nelse:\r\n    print(\'不合格です\')','0～100 までの得点（整数値）を入力してください>>90\r\n合格です',0,'2026-02-06 00:39:24','2026-02-06 05:15:13','delete'),(126,16,'得点評価がうまくいきません','### 0～100 までの得点（整数値）を入力し、60点以上なら合格。60点未満なら不合格と表示してください。\r\n### ただし、エラーが起きた場合はステップカードで提出すること。\r\n\r\nscore=input(\'0～100 までの得点（整数値）を入力してください>>\')\r\n\r\nif score > 60:\r\n    print(\'合格です\')\r\nelse:\r\n    print(\'不合格です\')','0～100 までの得点（整数値）を入力してください>>90\r\nTraceback (most recent call last):\r\n  File \"c:\\Users\\k_tada\\OneDrive - ooharastudent\\デスクトップ\\授業科目\\04.Python_1\\演習\\04if文\\5.py\", line 6, in <module>\r\n    if score > 60:\r\n       ^^^^^^^^^^\r\nTypeError: \'>\' not supported between instances of \'str\' and \'int\'','### 0～100 までの得点（整数値）を入力し、60点以上なら合格。60点未満なら不合格と表示してください。\r\n### ただし、エラーが起きた場合はステップカードで提出すること。\r\n\r\nscore=int(input(\'0～100 までの得点（整数値）を入力してください>>\'))\r\n\r\nif score > 60:\r\n    print(\'合格です\')\r\nelse:\r\n    print(\'不合格です\')','0～100 までの得点（整数値）を入力してください>>90\r\n合格です',0,'2026-02-06 05:01:30','2026-02-06 05:15:02','delete'),(127,16,'実行が出来ません','### 0～100 までの得点（整数値）を入力し、60点以上なら合格。60点未満なら不合格と表示してください。\r\n### ただし、エラーが起きた場合はステップカードで提出すること。\r\n\r\nscore=input(\'0～100 までの得点（整数値）を入力してください>>\')\r\n\r\nif score > 60:\r\n    print(\'合格です\')\r\nelse:\r\n    print(\'不合格です\')','0～100 までの得点（整数値）を入力してください>>& C:/Users/k_tada/AppData/Local/Programs/Python/Python312/python.exe \"c:/Users/k_tada/OneDrive - ooharastudent/デスクトップ/授業科目/04.Python_1/演習/04if 文/5.py\"\r\nTraceback (most recent call last):\r\n  File \"c:\\Users\\k_tada\\OneDrive - ooharastudent\\デスクトップ\\授業科目\\04.Python_1\\演習\\04if文\\5.py\", line 6, in <module>\r\n    if score > 60:\r\n       ^^^^^^^^^^\r\nTypeError: \'>\' not supported between instances of \'str\' and \'int\'','### 0～100 までの得点（整数値）を入力し、60点以上なら合格。60点未満なら不合格と表示してください。\r\n### ただし、エラーが起きた場合はステップカードで提出すること。\r\n\r\nscore=int(input(\'0～100 までの得点（整数値）を入力してください>>\'))\r\n\r\nif score > 60:\r\n    print(\'合格です\')\r\nelse:\r\n    print(\'不合格です\')','0～100 までの得点（整数値）を入力してください>>90\r\n合格です',0,'2026-02-06 05:32:38','2026-02-09 00:57:09','delete'),(128,16,'sa','sa','saas',NULL,NULL,0,'2026-02-08 05:57:30','2026-02-08 06:21:51','delete'),(129,16,'a','a','a',NULL,NULL,0,'2026-02-08 06:09:31','2026-02-08 06:21:48','delete'),(130,16,'a','a','a',NULL,NULL,0,'2026-02-08 06:21:35','2026-02-08 06:21:54','delete'),(131,16,'aa','a','a','a','a',0,'2026-02-08 06:22:41','2026-02-08 06:27:35','delete'),(132,16,'a','a','a',NULL,NULL,0,'2026-02-08 07:25:03','2026-02-09 01:35:46','delete'),(133,16,'aaa','aa','aa',NULL,NULL,0,'2026-02-09 01:35:31','2026-02-09 01:35:40','delete'),(134,16,'実行が出来ません','score=input(\'0～100 までの得点（整数値）を入力してください>>\')\r\n\r\nif score > 60:\r\n    print(\'合格です\')\r\nelse:\r\n    print(\'不合格です\')','0～100 までの得点（整数値）を入力してください>>Traceback (most recent call last):\r\n  File \"c:\\Users\\k_tada\\OneDrive - ooharastudent\\デスクトップ\\授業科目\\04.Python_1\\演習\\04if文\\5.py\", line 4, in <module>\r\n    score=input(\'0～100 までの得点（整数値）を入力してください>>\')\r\n          ^^^^^^^^^^^^^^^^^^^^^^^^^^^^^^^^^^^^^^^^^^^^^^^^^^^^^^^^\r\nKeyboardInterrupt','score=int(input(\'0～100 までの得点（整数値）を入力してください>>\'))\r\n\r\nif score > 60:\r\n    print(\'合格です\')\r\nelse:\r\n    print(\'不合格です\')','0～100 までの得点（整数値）を入力してください>>90\r\n合格です',0,'2026-02-09 01:46:01','2026-02-09 01:48:23','public'),(135,16,'a','aa','ｑ','ｑ','ｑ',0,'2026-02-09 05:01:28','2026-02-09 05:01:47','delete');
/*!40000 ALTER TABLE `step_cards` ENABLE KEYS */;
UNLOCK TABLES;

--
-- Table structure for table `tags`
--

DROP TABLE IF EXISTS `tags`;
/*!40101 SET @saved_cs_client     = @@character_set_client */;
/*!40101 SET character_set_client = utf8mb4 */;
CREATE TABLE `tags` (
  `tag_id` int(11) NOT NULL AUTO_INCREMENT,
  `tag_name` varchar(100) NOT NULL,
  `created_at` datetime NOT NULL,
  PRIMARY KEY (`tag_id`),
  UNIQUE KEY `tag_name` (`tag_name`)
) ENGINE=InnoDB AUTO_INCREMENT=87 DEFAULT CHARSET=utf8mb4 COLLATE=utf8mb4_general_ci;
/*!40101 SET character_set_client = @saved_cs_client */;

--
-- Dumping data for table `tags`
--

LOCK TABLES `tags` WRITE;
/*!40000 ALTER TABLE `tags` DISABLE KEYS */;
INSERT INTO `tags` VALUES (1,'python','2025-11-28 01:55:28'),(20,'Java','2025-11-28 02:26:11'),(21,'HTML/CSS','2025-11-28 02:26:11'),(22,'JavaScript','2025-11-28 02:26:11'),(23,'文法エラー','2025-11-28 02:26:11'),(24,'論理エラー','2025-11-28 02:26:11'),(25,'環境構築','2025-11-28 02:26:11'),(26,'データベース','2025-11-28 02:26:11'),(27,'Flask','2025-11-28 02:26:11'),(28,'Django','2025-11-28 02:26:11'),(29,'Spring Boot','2025-11-28 02:26:11'),(30,'React','2025-11-28 02:26:11'),(31,'API通信','2025-11-28 02:26:11'),(32,'Git/GitHub','2025-11-28 02:26:11'),(33,'例外処理','2025-11-28 02:26:11'),(34,'デバッグ','2025-11-28 02:26:11'),(35,'最適化','2025-11-28 02:26:11'),(36,'SQL','2025-11-28 02:26:11'),(37,'NameError','2025-11-28 02:37:16'),(38,'不明','2025-11-28 02:42:09'),(39,'時間','2025-11-28 02:46:44'),(40,'test','2025-11-28 05:59:55'),(41,'Unresolved_compilation_problem','2025-12-04 07:57:53'),(42,'Name','2026-01-09 03:02:21'),(43,'pythonなわけあるか','2026-01-13 04:45:39'),(44,'意味不明','2026-01-13 04:45:39'),(45,'help','2026-01-16 04:50:48'),(46,'SyntaxError','2026-01-22 05:59:16'),(47,'TypeError','2026-01-22 06:00:01'),(48,'ZeroDivisionError','2026-01-22 06:00:45'),(49,'IndexError','2026-01-22 06:01:31'),(50,'KeyError','2026-01-22 06:02:07'),(51,'AttributeError','2026-01-22 06:02:41'),(52,'ValueError','2026-01-22 06:03:23'),(53,'ImportError','2026-01-22 06:03:54'),(54,'IndentationError','2026-01-22 06:04:32'),(55,'oppaithon','2026-01-23 05:22:25'),(56,'ChinkoError','2026-01-23 05:22:25'),(57,'If文','2026-01-26 02:12:54'),(58,'合否システム','2026-01-27 04:59:39'),(59,'<>','2026-01-27 04:59:39'),(60,'お試し','2026-01-29 00:49:49'),(61,'go言語','2026-01-29 03:35:57'),(62,'500エラー','2026-01-29 03:35:57'),(63,'hep','2026-01-29 04:49:21'),(64,'l','2026-01-29 04:57:48'),(65,'null','2026-01-30 01:23:21'),(66,'変数','2026-01-30 01:25:04'),(67,'filenotfounderror','2026-01-30 01:32:50'),(68,'配列','2026-01-30 01:33:38'),(69,'関数','2026-01-30 01:52:08'),(70,'filenotfound','2026-01-30 02:50:43'),(71,'json','2026-01-30 02:59:01'),(72,'mailメソッド','2026-01-30 03:02:35'),(73,'未分類','2026-01-30 03:30:31'),(74,'技術相談','2026-01-30 03:30:31'),(75,'buildererrror','2026-01-30 03:30:31'),(76,'socket.timeou','2026-01-30 03:32:57'),(77,'hihihih','2026-01-30 05:09:59'),(78,'ugguigg','2026-01-30 05:10:08'),(79,'hio','2026-01-30 05:10:16'),(80,'pusherror','2026-01-30 05:10:38'),(81,'guguges','2026-01-30 05:14:06'),(82,'igug','2026-01-30 05:14:15'),(83,'gbjfeguisf','2026-01-30 05:14:25'),(84,'いやっふー','2026-02-02 04:58:31'),(85,'if','2026-02-06 00:39:24'),(86,'ig','2026-02-09 01:46:01');
/*!40000 ALTER TABLE `tags` ENABLE KEYS */;
UNLOCK TABLES;

--
-- Table structure for table `users`
--

DROP TABLE IF EXISTS `users`;
/*!40101 SET @saved_cs_client     = @@character_set_client */;
/*!40101 SET character_set_client = utf8mb4 */;
CREATE TABLE `users` (
  `user_id` int(11) NOT NULL AUTO_INCREMENT,
  `mail` varchar(255) NOT NULL,
  `role` varchar(50) DEFAULT NULL,
  `organization_code` varchar(50) DEFAULT NULL,
  `password_hash` varchar(255) DEFAULT NULL,
  `moodle_user_id` int(11) DEFAULT NULL,
  `username` varchar(100) DEFAULT NULL,
  `full_name` varchar(255) DEFAULT NULL,
  PRIMARY KEY (`user_id`),
  UNIQUE KEY `moodle_user_id` (`moodle_user_id`),
  KEY `idx_users_org_code` (`organization_code`)
) ENGINE=InnoDB AUTO_INCREMENT=45 DEFAULT CHARSET=utf8mb4 COLLATE=utf8mb4_general_ci;
/*!40101 SET character_set_client = @saved_cs_client */;

--
-- Dumping data for table `users`
--

LOCK TABLES `users` WRITE;
/*!40000 ALTER TABLE `users` DISABLE KEYS */;
INSERT INTO `users` VALUES (1,'student1@test.com','student','DEFAULT','pbkdf2:sha256:260000$kS5p0ip3LsM68znw$6eaede5e407ef8bfd82452efdd92260619d418f98dc85d363e2f95aba38cbc77',NULL,'student1','student1'),(2,'student2@test.com','student','DEFAULT','pbkdf2:sha256:260000$JeVvNO0KIWqYk5Fr$726b16d03739286cc02fe426d8f87272cb1745bdd3b0414cbd6c0f3434a18f2c',NULL,'student2','student2'),(3,'teacher1@test.com','teacher','DEFAULT','pbkdf2:sha256:260000$IDQS5X3QIDxmhcQg$21cf1544401c258cd20063c75c75f760499b52bb508a612e522ae0bbd3b4b470',NULL,'teacher1','teacher1'),(4,'teacher2@test.com','teacher','DEFAULT','pbkdf2:sha256:260000$PvfCgfesc1ayFdOv$72537e1030c28e32dd57c9b7f8e06b437bc8968632dee054818da38b1b2a6bfb',NULL,'teacher2','teacher2'),(5,'student3@test.com','student','DEFAULT','pbkdf2:sha256:260000$SLLgBVarbxhcgYZB$b5681386f61f48d0d03d1743e239f4600f7a117d34db43e25405b1075c472d9e',NULL,'student3','student3'),(6,'student4@test.com','student','DEFAULT','pbkdf2:sha256:260000$51QRTRPoDs31LrAC$dc684a7dc43fb2de935db3ed46629f94040cba05b5cac2baf1e436d182368a86',NULL,'student4','student4'),(7,'student5@test.com','student','DEFAULT','pbkdf2:sha256:260000$ZX8PmZbwIcNYdDzL$9ad0c8424e6173d847f09445ea10abf8f19ffbf92e220e0f8c34ceb78002f3a4',NULL,'student5','student5'),(8,'student6@test.com','student','DEFAULT','pbkdf2:sha256:260000$dE84qYz7FMLZNcY1$d66ad080cef8c569aec7f7934ae0d039a2caa4323b28018149012f63ef85fc1d',NULL,'student6','student6'),(9,'student7@test.com','student','DEFAULT','pbkdf2:sha256:260000$K3thl9qlKjjbYfMS$0868194890641eec3fe0f1fde890e5fc7fbfef6987536f6d099a843287a4802c',NULL,'student7','student7'),(10,'student8@test.com','student','DEFAULT','pbkdf2:sha256:260000$R8Lh0rqXji4ixVHQ$a179f74e8ee60175a8399b9e47d57e08019bf87314a3c36fcf2fb7b47fdace71',NULL,'student8','student8'),(11,'student9@test.com','student','DEFAULT','pbkdf2:sha256:260000$muwNuenUxLpcswH5$aa4bd52f1fcaee3612e19538ad5b67149a8e43b6dd1758232c6a913eab36c513',NULL,'student9','student9'),(12,'student10@test.com','student','DEFAULT','pbkdf2:sha256:260000$PknNvyYuzzu0amkp$4a5cef0623f3193022b5df4eaf65c435c15836389026e4894d47c3c20e5bdcbc',NULL,'student10','student10'),(13,'teacher3@test.com','teacher','DEFAULT','pbkdf2:sha256:260000$OZdsqtY7yEyv2wDT$7a1af01c327030c0381a0a42d0aad4eb7ac73190c4dc3c08fffc1559dd1975db',NULL,'teacher3','teacher3'),(14,'teacher4@test.com','teacher','DEFAULT','pbkdf2:sha256:260000$2PJxnkXQRIbkNCNu$d9a456d9d6e08f89864d72cea7a797204889cf7068ab87a35eaf8c4b6ceec68a',NULL,'teacher4','teacher4'),(15,'teacher5@test.com','teacher','DEFAULT','pbkdf2:sha256:260000$mcED3cqovtB5MM7s$539035f5965c26d7509b740f8a1b3a45fc11f4bf2dc0a95f73c5f75975b5b661',NULL,'teacher5','teacher5'),(16,'ktq2490316@stu.o-hara.ac.jp','student','DEFAULT','pbkdf2:sha256:260000$mSsY28PL1Jl4zPvh$5784b8d9836cb4881383ff7384f8a0efb2a475e5f13b8a29e5871656115a0a81',NULL,'ktq2490316','ktq2490316'),(17,'www@www.com','student','DEFAULT','pbkdf2:sha256:260000$bLzB5TBR6ZnG15bp$12bc783259f2d50cd93e611705858a5b5d3d72fcedd764f3a3ca213baafb19e5',NULL,'www','www'),(18,'ktq2490314@stu.o-hara.ac.jp','student','DEFAULT','pbkdf2:sha256:260000$DVv3Pcp46FF9H8n9$fdb4bd686e423f76bfbc85aa2e8d96af8b6765619bd347a1c43df1f0ebc79ab4',NULL,'ktq2490314','ktq2490314'),(19,'ktq2490312@stu.o-hara.ac.jp','student','DEFAULT','pbkdf2:sha256:260000$JDTdnYGzs6QgOwd9$6299fda5c12afbbf30a4e6069a3244e55e74576e3ab1ac23b0dc2ed08e332fd3',NULL,'ktq2490312','ktq2490312'),(20,'test@777.com','student','DEFAULT','pbkdf2:sha256:260000$0ioIWQbE5U4o4CZW$1cc3303ece80f18495567f58eae43430dfa2b41abb7cb043076248df1e6a5f2f',NULL,'test','test'),(21,'naka@mura.com','teacher','DEFAULT','pbkdf2:sha256:260000$xZI5qVnDR7oYTiGV$008b3f7d8fc9c79a3ae197f3848967feb3e08e21a3170552b16b45c64b664d99',NULL,'naka','naka'),(38,'userkj@example.com','student','DEFAULT','pbkdf2:sha256:260000$8iQvXbOqS8oMv7DZ$5053bedafba71468a6e26fd038eec6d32c987341b4a7f6ec5c74e2f30dc735de',NULL,'userkj','userkj'),(39,'wawawa@sugoi.com','teacher','DEFAULT','pbkdf2:sha256:260000$mFQ5918Xj69tLNUO$1f0602ed555f1334f0b70097d274bec9890cb064542b13b96c2c494274681b9a',NULL,'wawawa','wawawa'),(40,'Test1@check.com','student','DEFAULT','pbkdf2:sha256:260000$WsWFx8boYM7TcRTm$2874aaaebf96e70008150886e43b8587c4c77b27c0328c9228b1713830012ac9',NULL,'Test1','Test1'),(41,'ktq2490308@stu.o-hara.ac.jp','student','DEFAULT','pbkdf2:sha256:260000$SgPS8qJvlsH3HRpk$39f728ff6b00e9cc866274077674877cb688ee760687cb73d908e719afc4631c',NULL,'ktq2490308','ktq2490308'),(42,'test1@gomen.com',NULL,'DEFAULT','pbkdf2:sha256:260000$wzjQS6jolS5hPzpa$0b0ba02d8052c1c80608291b43651884dfde323d277c9c85713f0c47adbd255f',NULL,'test1','test1'),(43,'takaiti@sanae.com','student',NULL,'1234',NULL,'',''),(44,'a@b.com','student',NULL,'1234',NULL,'',NULL);
/*!40000 ALTER TABLE `users` ENABLE KEYS */;
UNLOCK TABLES;

--
-- Dumping events for database 'errormate'
--

--
-- Dumping routines for database 'errormate'
--
/*!40103 SET TIME_ZONE=@OLD_TIME_ZONE */;

/*!40101 SET SQL_MODE=@OLD_SQL_MODE */;
/*!40014 SET FOREIGN_KEY_CHECKS=@OLD_FOREIGN_KEY_CHECKS */;
/*!40014 SET UNIQUE_CHECKS=@OLD_UNIQUE_CHECKS */;
/*!40101 SET CHARACTER_SET_CLIENT=@OLD_CHARACTER_SET_CLIENT */;
/*!40101 SET CHARACTER_SET_RESULTS=@OLD_CHARACTER_SET_RESULTS */;
/*!40101 SET COLLATION_CONNECTION=@OLD_COLLATION_CONNECTION */;
/*!40111 SET SQL_NOTES=@OLD_SQL_NOTES */;

-- Dump completed on 2026-02-10  2:48:49
